from,to,type
mv_abuli,wr_anst,7
mv_abuli,wr_bosh,7
mv_abuli,pr_daka,8
mv_abuli,wr_domc,7
mv_abuli,wr_jora,7
mv_abuli,di_jola,6
mv_abuli,wr_jola,7
mv_abuli,pr_kere,8
mv_goofy,wr_brpi,7
mv_goofy,wr_chma,7
mv_goofy,pr_daro,8
mv_goofy,wr_jyma,7
mv_goofy,di_keli,6
mv_alad19,pr_dali,8
mv_alad19,di_guri,6
mv_alad19,wr_guri,7
mv_alad19,wr_joau,7
mv_alad19,pr_joei,8
mv_alad,wr_brpi,7
mv_alad,wr_buma,7
mv_alad,wr_chsa,7
mv_alad,wr_daji,7
mv_alad,wr_daro,7
mv_alad,wr_dass,7
mv_alad,wr_frgl,7
mv_alad,wr_jafu,7
mv_alad,di_jomu,6
mv_alad,pr_jomu,8
mv_alad,wr_jomu,7
mv_alad,wr_keha,7
mv_alad,wr_keli,7
mv_alad,wr_kiha,7
mv_alad,wr_lale,7
mv_alad,wr_pave,7
mv_alad,wr_rere,7
mv_alad,wr_roal,7
mv_alad,di_rocl,6
mv_alad,pr_rocl,8
mv_alad,wr_rocl,7
mv_alad,wr_suni,7
mv_alad,wr_teel,7
mv_alad,wr_tero,7
mv_alad2,pr_jero,8
mv_alad2,wr_maco,7
mv_alad2,wr_rosch,7
mv_alad2,di_tast,6
mv_alad2,pr_tast,8
mv_alice,wr_bipe,7
mv_alice,di_clge,6
mv_alice,wr_deco,7
mv_alice,wr_dihu,7
mv_alice,wr_dike,7
mv_alice,wr_erpe,7
mv_alice,di_halu,6
mv_alice,wr_jogr,7
mv_alice,wr_jori,7
mv_alice,wr_jowa,7
mv_alice,wr_miba,7
mv_alice,wr_tese,7
mv_alice,wr_toor,7
mv_alice,pr_wadi,8
mv_alice,di_wija,6
mv_alice,wr_wico,7
mv_alice,wr_wihi,7
mv_emojii,di_gigu,6
mv_emojii,pr_gigu,8
mv_emojii,wr_jamo,7
mv_emojii,wr_maja,7
mv_emojii,pr_phba,8
mv_emojii,di_raja,6
mv_emojii,pr_rybu,8
mv_emojii,wr_webe,7
mv_bambi,di_biro,6
mv_bambi,wr_cafa,7
mv_bambi,wr_chco,7
mv_bambi,di_daha,6
mv_bambi,di_grhe,6
mv_bambi,di_jaal,6
mv_bambi,wr_lamo,7
mv_bambi,wr_mesh,7
mv_bambi,di_nowr,6
mv_bambi,di_pasa,6
mv_bambi,wr_pepe,7
mv_bambi,wr_rawr,7
mv_bambi,di_saar,6
mv_bambi,wr_vest,7
mv_bambi,pr_wadi,8
mv_bambi6,wr_alki,7
mv_bambi2,di_brpi,6
mv_bambi5,pr_daok,8
mv_bambi4,pr_jemo,8
mv_bambi3,pr_jiba,8
mv_batb,wr_brch,7
mv_batb,wr_brpi,7
mv_batb,wr_brwo,7
mv_batb,wr_buma,7
mv_batb,wr_chsa,7
mv_batb,pr_doha,8
mv_batb,di_gatr,6
mv_batb,wr_jora,7
mv_batb,wr_keas,7
mv_batb,wr_keha,7
mv_batb,di_kiwi,6
mv_batb,wr_liwo,7
mv_batb,wr_role,7
mv_batb,wr_roal,7
mv_batb,wr_toel,7
mv_bedtime,pr_adsa,8
mv_bedtime,di_adsh,6
mv_bedtime,pr_angu,8
mv_bedtime,pr_jagi,8
mv_bedtime,wr_malo,7
mv_bedtime,wr_tihe,7
mv_bh6,di_chwi,6
mv_bh6,wr_dage,7
mv_bh6,di_doha,6
mv_bh6,wr_joro,7
mv_bh6,wr_roba,7
mv_bh6,pr_roco,8
mv_bolt,di_byho,6
mv_bolt,di_chwi,6
mv_bolt,wr_chwi,7
mv_bolt,pr_clsp,8
mv_bolt,wr_dafo,7
mv_brave,di_brch,6
mv_brave,wr_brch,7
mv_brave,wr_irme,7
mv_brave,pr_kasa,8
mv_brave,di_maan,6
mv_brave,wr_maand,7
mv_brave,wr_stpu,7
mv_brbear,di_aabl,6
mv_brbear,wr_brjo,7
mv_brbear,pr_chwi,8
mv_brbear,wr_daho,7
mv_brbear,wr_jono,7
mv_brbear,wr_jopu,7
mv_brbear,wr_kede,7
mv_brbear,wr_keha,7
mv_brbear,wr_loca,7
mv_brbear,di_rowa,6
mv_brbear,wr_rofr,7
mv_brbear,wr_stbe,7
mv_brbear,wr_stwe,7
mv_brbear,wr_tamu,7
mv_brbear,wr_then,7
mv_brbear,wr_wowo,7
mv_cars,wr_dafo,7
mv_cars,pr_daka,8
mv_cars,di_jora,6
mv_cars,wr_jora,7
mv_cars,di_jola,6
mv_cars,wr_jola,7
mv_cars,wr_jokl,7
mv_cars,wr_kimu,7
mv_cars,wr_phlo,7
mv_cars2,wr_bequ,7
mv_cars2,di_brle,6
mv_cars2,wr_brle,7
mv_cars2,wr_dafo,7
mv_cars2,pr_dere,8
mv_cars2,di_jola,6
mv_cars2,wr_jola,7
mv_cars2,pr_mani,8
mv_cars3,wr_bequ,7
mv_cars3,wr_bope,7
mv_cars3,di_brfe,6
mv_cars3,wr_brfe,7
mv_cars3,wr_eypo,7
mv_cars3,wr_jost,7
mv_cars3,pr_kere,8
mv_cars3,wr_kimu,7
mv_cars3,wr_miri,7
mv_chlit,di_madi,6
mv_chlit,wr_madi,7
mv_chlit,wr_make,7
mv_chlit,pr_rafu,8
mv_chlit,wr_roan,7
mv_chlit,wr_rofr,7
mv_chlit,wr_stbe,7
mv_chrrob,wr_alrope,7
mv_chrrob,wr_alsch,7
mv_chrrob,pr_brta,8
mv_chrrob,wr_grbr,7
mv_chrrob,pr_krbu,8
mv_chrrob,di_mafo,6
mv_chrrob,wr_mastjo,7
mv_chrrob,wr_toca,7
mv_cind,wr_bipe,7
mv_cind,di_clge,6
mv_cind,wr_erpe,7
mv_cind,di_halu,6
mv_cind,wr_hare,7
mv_cind,wr_hobr,7
mv_cind,wr_jori,7
mv_cind,wr_kean,7
mv_cind,wr_mara,7
mv_cind,wr_pepe,7
mv_cind,wr_tese,7
mv_cind,pr_wadi,8
mv_cind,di_wija,6
mv_cind,wr_wihi,7
mv_coco,wr_admo,7
mv_coco,pr_daka,8
mv_coco,wr_jaka,7
mv_coco,di_leun,6
mv_coco,wr_leun,7
mv_coco,wr_maal,7
mv_donlamp,di_mimo,6
mv_donlamp,di_rischca,6
mv_donlamp,di_roga,6
mv_donlamp,pr_roga,8
mv_donlamp,wr_roga,7
mv_donlamp,di_tocr,6
mv_donlamp,wr_tocr,7
mv_doug,pr_brkna,8
mv_doug,pr_daca,8
mv_doug,pr_jasp,8
mv_doug,pr_jiji,8
mv_doug,wr_jiji,7
mv_doug,wr_kesc,7
mv_doug,di_majo,6
mv_doug,pr_megr,8
mv_ducktls,wr_albu,7
mv_ducktls,di_boha,6
mv_ducktls,pr_boha,8
mv_ducktls,pr_hpqu,8
mv_ducktls,wr_jyma,7
mv_dumbo,di_besh,6
mv_dumbo,di_biro,6
mv_dumbo,wr_dihu,7
mv_dumbo,di_jaki,6
mv_dumbo,wr_jogr,7
mv_dumbo,di_nofe,6
mv_dumbo,wr_oten,7
mv_dumbo,di_saar,6
mv_dumbo,pr_wadi,8
mv_dumbo,di_wija,6
mv_elhol,pr_mate,8
mv_elhol,wr_migi,7
mv_fant,di_besh,6
mv_fant,pr_besha,8
mv_fant,di_biro,6
mv_fant,di_daha,6
mv_fant,wr_dihu,7
mv_fant,di_fobe,6
mv_fant,di_halu,6
mv_fant,di_jaal,6
mv_fant,di_jiha,6
mv_fant,wr_jogr,7
mv_fant,di_nofe,6
mv_fant,di_pasa,6
mv_fant,di_saar,6
mv_fant,di_thee,6
mv_fant,pr_wadi,8
mv_fant,di_wija,6
mv_fant2,di_dohahn,6
mv_fant2,pr_dower,8
mv_fant2,di_ergo,6
mv_fant2,di_frcl,6
mv_fant2,di_gabri,6
mv_fant2,di_hebu,6
mv_fant2,di_jaal,6
mv_fant2,di_pabr,6
mv_fant2,di_pihu,6
mv_fant2,pr_roedi,8
mv_dory,di_anst,6
mv_dory,wr_anst,7
mv_dory,pr_lico,8
mv_dory,wr_vist,7
mv_nemo,di_anst,6
mv_nemo,wr_anst,7
mv_nemo,wr_bope,7
mv_nemo,wr_dare,7
mv_nemo,pr_grwa,8
mv_flubber,pr_dani,8
mv_flubber,pr_johu,8
mv_flubber,wr_johu,7
mv_flubber,di_lema,6
mv_flubber,pr_rime,8
mv_frween,pr_alab,8
mv_frween,wr_joau,7
mv_frween,di_tibu,6
mv_frween,pr_tibu,8
mv_frozen,di_chbu,6
mv_frozen,wr_chbu,7
mv_frozen,di_jele,6
mv_frozen,wr_jele,7
mv_frozen,pr_pedv,8
mv_frozen,wr_shmo,7
mv_frozen2,wr_alsch,7
mv_frozen2,di_chbu,6
mv_frozen2,di_jele,6
mv_frozen2,wr_jele,7
mv_frozen2,pr_pedv,8
mv_funff,di_biro,6
mv_funff,wr_elde,7
mv_funff,di_halu,6
mv_funff,wr_hare,7
mv_funff,wr_hobr,7
mv_funff,di_jaki,6
mv_funff,wr_lano,7
mv_funff,wr_sile,7
mv_funff,wr_tese,7
mv_funff,wr_toor,7
mv_funff,pr_wadi,8
mv_funff,di_wimo,6
mv_gepetto,wr_caco,7
mv_gepetto,wr_dast,7
mv_gepetto,pr_teza,8
mv_gepetto,di_tomo,6
mv_gigantic,wr_adna,7
mv_gigantic,pr_chva,8
mv_gigantic,di_maas,6
mv_gigantic,wr_maas,7
mv_gigantic,pr_migp,8
mv_guards,di_jagu,6
mv_guards,wr_jagu,7
mv_guards,pr_kefe,8
mv_guards,wr_nipe,7
mv_hercules,pr_alde,8
mv_hercules,wr_bosh,7
mv_hercules,wr_brmo,7
mv_hercules,wr_dodo,7
mv_hercules,wr_domc,7
mv_hercules,wr_frgl,7
mv_hercules,wr_irme,7
mv_hercules,wr_jesn,7
mv_hercules,di_jomu,6
mv_hercules,pr_jomu,8
mv_hercules,wr_jomu,7
mv_hercules,wr_jora,7
mv_hercules,wr_kaka,7
mv_hercules,wr_kewi,7
mv_hercules,wr_kiha,7
mv_hercules,wr_make,7
mv_hercules,wr_raca,7
mv_hercules,di_rocl,6
mv_hercules,pr_rocl,8
mv_hercules,wr_rocl,7
mv_hercules,wr_then,7
mv_hercules,wr_vage,7
mv_hidalgo,pr_casi,8
mv_hidalgo,di_jojo,6
mv_hidalgo,wr_jofu,7
mv_hotr,pr_aldego,8
mv_hotr,di_josa,6
mv_hotr,wr_josa,7
mv_hotr,wr_make,7
mv_hotr,wr_mila,7
mv_hotr,wr_role,7
mv_hotr,wr_sale,7
mv_hotr,di_wifi,6
mv_hotr,wr_wifi,7
mv_inout,pr_jori,8
mv_inout,di_pedo,6
mv_inout,wr_pedo,7
mv_inout,wr_roca,7
mv_ironman,pr_arar,8
mv_ironman,wr_arma,7
mv_ironman,pr_abar,8
mv_ironman,pr_dama,8
mv_ironman,pr_ernhe,8
mv_ironman,wr_haos,7
mv_ironman,wr_jjab,7
mv_ironman,pr_jela,8
mv_ironman,wr_joau,7
mv_ironman,di_jofa,6
mv_ironman,pr_jofa,8
mv_ironman,pr_kefe,8
mv_ironman,pr_lodes,8
mv_ironman,wr_mafe,7
mv_ironman,wr_maho,7
mv_ironman,pr_pebi,8
mv_ironman,pr_rofa,8
mv_ironman,pr_stle,8
mv_ironman,wr_tehu,7
mv_ironman,pr_vial,8
mv_jjatt,wr_bong,7
mv_jjatt,di_brabi,6
mv_jjatt,wr_brbi,7
mv_jjatt,pr_kamc,8
mv_jjatt,wr_maand,7
mv_jjatt,wr_rogi,7
mv_jjatt,wr_tene,7
mv_jampch,pr_dedn,8
mv_jampch,di_hese,6
mv_jampch,wr_joro,7
mv_jampch,wr_kaki,7
mv_jampch,wr_roda,7
mv_jampch,wr_stbl,7
mv_jampch,pr_tibu,8
mv_lattr,di_clge,6
mv_lattr,wr_doda,7
mv_lattr,wr_erpe,7
mv_lattr,di_halu,6
mv_lattr,wr_jogr,7
mv_lattr,wr_jori,7
mv_lattr,wr_rawr,7
mv_lattr,pr_wadi,8
mv_lattr,di_wija,6
mv_lands,di_chsa,6
mv_lands,wr_chsa,7
mv_lands,pr_clsp,8
mv_lands,di_dedebl,6
mv_lands2,wr_alju,7
mv_lands2,pr_andy,8
mv_lands2,di_anle,6
mv_lands2,wr_anle,7
mv_lands2,pr_chro,8
mv_lands2,pr_chch,8
mv_lands2,wr_edgu,7
mv_lands2,pr_kalo,8
mv_lands2,di_milaba,6
mv_lands2,wr_mila,7
mv_looney,di_chma,6
mv_looney,pr_chmachjo,8
mv_looney,wr_chmachjo,7
mv_looney,di_fbta,6
mv_looney,pr_frbeteav,8
mv_looney,wr_frbeteav,7
mv_looney,di_isffre,6
mv_looney,di_roembicl,6
mv_looney,di_ropobomc,6
mv_luxo,di_jola,6
mv_luxo,pr_jola,8
mv_luxo,wr_jola,7
mv_luxo,pr_wire,8
mv_mmmus,wr_capa,7
mv_mmmus,di_clge,6
mv_mmmus,wr_dihu,7
mv_mmmus,wr_dike,7
mv_mmmus,wr_diki,7
mv_mmmus,wr_dish,7
mv_mmmus,wr_erpe,7
mv_mmmus,wr_ergu,7
mv_mmmus,wr_ergr,7
mv_mmmus,di_halu,6
mv_mmmus,wr_hare,7
mv_mmmus,wr_hobr,7
mv_mmmus,di_jaki,6
mv_mmmus,wr_jabo,7
mv_mmmus,wr_jema,7
mv_mmmus,wr_jowa,7
mv_mmmus,di_jome,6
mv_mmmus,di_roco,6
mv_mmmus,wr_rowi,7
mv_mmmus,wr_syho,7
mv_mmmus,wr_thee,7
mv_mmmus,wr_toor,7
mv_mmmus,pr_wadi,8
mv_avengers,di_jowh,6
mv_avengers,wr_jowh,7
mv_avengers,pr_kefe,8
mv_avengers,wr_zape,7
mv_mtr,wr_aure,7
mv_mtr,wr_doha,7
mv_mtr,pr_domc,8
mv_mtr,wr_joma,7
mv_mtr,wr_jobe,7
mv_mtr,wr_misp,7
mv_mtr,wr_nagr,7
mv_mtr,di_stan,6
mv_mtr,wr_stan,7
mv_mtr,wr_wijo,7
mv_merpop,pr_biwa,8
mv_merpop,wr_biwa,7
mv_merpop,wr_doda,7
mv_merpop,di_rost,6
mv_merpop,pr_wadi,8
mv_housemouse,di_mimo,6
mv_housemouse,di_rischca,6
mv_housemouse,di_rore,6
mv_housemouse,di_roga,6
mv_housemouse,pr_roga,8
mv_housemouse,di_tocr,6
mv_housemouse,pr_tocr,8
mv_ouach,di_alma,6
mv_ouach,wr_alma,7
mv_ouach,di_bisp,6
mv_ouach,di_brra,6
mv_ouach,wr_cacr,7
mv_ouach,wr_chco,7
mv_ouach,wr_edgu,7
mv_ouach,di_jufa,6
mv_ouach,wr_ricr,7
mv_ouach,wr_scgo,7
mv_ouach,pr_shst,8
mv_ouach,wr_tema,7
mv_ouach,wr_thha,7
mv_ouach,di_tosh,6
mv_ouach,wr_tona,7
mv_tuach,wr_bimo,7
mv_tuach,wr_caho,7
mv_tuach,wr_chcr,7
mv_tuach,wr_japast,7
mv_tuach,wr_jipe,7
mv_tuach,di_maoca,6
mv_tuach,pr_maoca,8
mv_tuach,wr_maoca,7
mv_tuach,wr_peho,7
mv_moana,wr_aaka,7
mv_moana,wr_chwi,7
mv_moana,wr_doha,7
mv_moana,wr_jabu,7
mv_moana,di_jomu,6
mv_moana,wr_jokan,7
mv_moana,pr_ossh,8
mv_moana,wr_pari,7
mv_moana,di_rocl,6
mv_monstersuni,wr_dage,7
mv_monstersuni,di_dasc,6
mv_monstersuni,wr_dasc,7
mv_monstersuni,pr_kora,8
mv_monstersuni,wr_roba,7
mv_monsters,wr_anst,7
mv_monsters,wr_dage,7
mv_monsters,pr_daka,8
mv_monsters,wr_jepi,7
mv_monsters,wr_jicu,7
mv_monsters,di_pedo,6
mv_monsters,wr_pedo,7
mv_monsters,wr_raeg,7
mv_mulan,di_baco,6
mv_mulan,wr_chsa,7
mv_mulan,wr_eubosi,7
mv_mulan,pr_paco,8
mv_mulan,wr_phla,7
mv_mulan,wr_rasi,7
mv_mulan,wr_rihs,7
mv_mulan,wr_rodsaso,7
mv_mulan,di_toba,6
mv_nbchr,wr_cath,7
mv_nbchr,pr_dedn,8
mv_nbchr,di_hese,6
mv_nbchr,wr_mido,7
mv_nbchr,pr_tibu,8
mv_nbchr,wr_tibu,7
mv_olicomp,wr_chba,7
mv_olicomp,wr_dami,7
mv_olicomp,wr_gatr,7
mv_olicomp,di_gesc,6
mv_olicomp,wr_jama,7
mv_olicomp,wr_jico,7
mv_olicomp,wr_jimi,7
mv_olicomp,wr_jora,7
mv_olicomp,pr_kaga,8
mv_olicomp,wr_keli,7
mv_olicomp,wr_kiwi,7
mv_olicomp,wr_lejo,7
mv_olicomp,wr_mice,7
mv_olicomp,wr_miga,7
mv_olicomp,wr_peyo,7
mv_olicomp,wr_roal,7
mv_olicomp,wr_tidi,7
mv_olicomp,wr_vage,7
mv_101dal65,wr_bipe,7
mv_101dal63,di_clge,6
mv_101dal62,di_halu,6
mv_101dal64,pr_wadi,8
mv_101dal61,pr_wore,6
mv_101dal97,pr_johu,8
mv_101dal98,pr_rime,8
mv_101dal96,di_sthe,6
mv_101dal99,wr_trsh,7
mv_oswald,di_chmi,6
mv_oswald,pr_chmi,8
mv_oswald,pr_gewi,8
mv_oswald,wr_ubiw,7
mv_oswald,wr_wadi,7
mv_paperman,di_joka,6
mv_paperman,wr_joka,7
mv_paperman,pr_jola,8
mv_paperman,pr_krre,8
mv_ppan,wr_bipe,7
mv_ppan,di_clge,6
mv_ppan,wr_erpe,7
mv_ppan,di_halu,6
mv_ppan,wr_jori,7
mv_ppan,wr_miba,7
mv_ppan,wr_rawr,7
mv_ppan,wr_tese,7
mv_ppan,pr_wadi,8
mv_ppan,di_wija,6
mv_ppan,wr_wico,7
mv_ppan,wr_wihi,7
mv_pigbm,wr_aami,7
mv_pigbm,wr_brho,7
mv_pigbm,di_frcl,6
mv_pigbm,pr_mipr,8
mv_pinocchio,wr_auba,7
mv_pinocchio,di_besh,6
mv_pinocchio,di_biro,6
mv_pinocchio,wr_erpe,7
mv_pinocchio,di_halu,6
mv_pinocchio,di_jaki,6
mv_pinocchio,wr_josa,7
mv_pinocchio,di_nofe,6
mv_pinocchio,wr_oten,7
mv_pinocchio,di_thee,6
mv_pinocchio,wr_tese,7
mv_pinocchio,pr_wadi,8
mv_pinocchio,wr_wesm,7
mv_pinocchio,di_wija,6
mv_pinocchio,wr_wico,7
mv_planes,wr_jeho,7
mv_planes,wr_jola,7
mv_planes,di_klha,6
mv_planes,pr_klha,8
mv_planes,wr_klha,7
mv_planefr,di_boga,6
mv_planefr,pr_boga,8
mv_planefr,wr_boga,7
mv_planefr,wr_jeho,7
mv_poca,wr_brmo,7
mv_poca,wr_buma,7
mv_poca,wr_cabi,7
mv_poca,wr_chbu,7
mv_poca,wr_duma,7
mv_poca,wr_edgo,7
mv_poca,di_ergo,6
mv_poca,wr_frgl,7
mv_poca,wr_glke,7
mv_poca,pr_jipe,8
mv_poca,wr_jogr,7
mv_poca,wr_kaka,7
mv_poca,di_miga,6
mv_poca,wr_phla,7
mv_poca,wr_razo,7
mv_poca,wr_rogi,7
mv_poca,wr_sugr,7
mv_poca,wr_toku,7
mv_heffalump,wr_aami,7
mv_heffalump,wr_brho,7
mv_heffalump,wr_evsp,7
mv_heffalump,di_frni,6
mv_heffalump,pr_jekm,8
mv_presto,di_dosw,6
mv_indy,pr_frma,8
mv_indy,pr_gelu,8
mv_indy,wr_gelu,7
mv_indy,pr_hoka,8
mv_indy,wr_laka,7
mv_indy,wr_phka,7
mv_indy,di_stsp,6
mv_ralphbrk,pr_clsp,8
mv_ralphbrk,wr_jire,7
mv_ralphbrk,wr_jotr,7
mv_ralphbrk,wr_pari,7
mv_ralphbrk,di_phjo,6
mv_ralphbrk,wr_phjo,7
mv_ralphbrk,di_rimo,6
mv_ralphbrk,wr_rimo,7
mv_ratatou,di_brabi,6
mv_ratatou,wr_brbi,7
mv_ratatou,pr_brle,8
mv_ratatou,wr_japi,7
mv_ratatou,wr_jica,7
mv_recess,di_chsh,6
mv_recess,pr_joan,8
mv_recess,wr_joan,7
mv_recess,wr_jogr,7
mv_recess,pr_page,8
mv_recess,wr_page,7
mv_recess,pr_stsw,8
mv_recess,pr_tosu,8
mv_redsdr,di_jola,6
mv_redsdr,pr_jola,8
mv_redsdr,wr_jola,7
mv_redsdr,pr_kaduro,8
mv_rtneverl,pr_chch,8
mv_rtneverl,pr_daro,8
mv_rtneverl,wr_jmba,7
mv_rtneverl,pr_mipr,8
mv_rtneverl,di_robu,6
mv_rtneverl,wr_tema,7
mv_rhood,wr_kean,7
mv_rhood,wr_lacl,7
mv_rhood,pr_wore,6
mv_rhood,pr_wore,8
mv_salam,di_biro,6
mv_salam,di_halu,6
mv_salam,wr_hare,7
mv_salam,wr_hobr,7
mv_salam,di_jaki,6
mv_salam,wr_jogr,7
mv_salam,di_nofe,6
mv_salam,wr_rawr,7
mv_salam,wr_rihu,7
mv_salam,wr_rowi,7
mv_salam,wr_tese,7
mv_salam,pr_wadi,8
mv_salam,wr_wesm,7
mv_salam,di_wija,6
mv_salam,wr_wico,7
mv_secotw,wr_boga,7
mv_secotw,di_peho,6
mv_secotw,pr_peho,8
mv_secotw,wr_peho,7
mv_secotw,wr_ryro,7
mv_secotw,wr_toro,7
mv_simpsons,wr_magr,7
mv_simpsons,pr_mime,8
mv_tsby,wr_bipe,7
mv_tsby,di_clge,6
mv_tsby,wr_erpe,7
mv_tsby,di_erla,6
mv_tsby,wr_jori,7
mv_tsby,di_lecl,6
mv_tsby,wr_miba,7
mv_tsby,wr_rawr,7
mv_tsby,wr_tese,7
mv_tsby,pr_wadi,8
mv_tsby,wr_wihi,7
mv_tsby,pr_wore,6
mv_snow,di_besh,6
mv_snow,di_daha,6
mv_snow,wr_diri,7
mv_snow,wr_dobl,7
mv_snow,wr_eahu,7
mv_snow,di_lamo,6
mv_snow,wr_mema,7
mv_snow,wr_oten,7
mv_snow,di_pepe,6
mv_snow,wr_ricr,7
mv_snow,wr_tese,7
mv_snow,pr_wadi,8
mv_snow,wr_wesm,7
mv_snow,di_wija,6
mv_snow,di_wico,6
mv_sofia,wr_crge,7
mv_sofia,di_jami,6
mv_sofia,pr_jami,8
mv_starwars,di_gelu,6
mv_starwars,pr_gelu,8
mv_starwars,wr_gelu,7
mv_stbtwl,di_ubiw,6
mv_stbtwl,wr_ubiw,7
mv_stbtwl,pr_wadi,8
mv_stbtwl,wr_wadi,7
mv_stitch,di_boga,6
mv_stitch,pr_boga,8
mv_stitch,wr_boga,7
mv_stitch,pr_jewi,8
mv_stitch,wr_jewi,7
mv_stitch,di_tocr,6
mv_stitch,pr_tocr,8
mv_tang,di_byho,6
mv_tang,wr_dafo,7
mv_tang,di_nagr,6
mv_tang,pr_roco,8
mv_tarzan,wr_botzu,7
mv_tarzan,pr_boar,8
mv_tarzan,di_chbu,6
mv_tarzan,di_keli,6
mv_tarzan,wr_nowh,7
mv_tarzan,wr_tamu,7
mv_teapet,wr_bist,7
mv_teapet,wr_chst,7
mv_teapet,pr_gese,8
mv_teapet,di_tibj,6
mv_ichtoad,di_clge,6
mv_ichtoad,wr_erpe,7
mv_ichtoad,wr_hare,7
mv_ichtoad,wr_hobr,7
mv_ichtoad,di_jaki,6
mv_ichtoad,di_jaal,6
mv_ichtoad,wr_jori,7
mv_ichtoad,wr_tese,7
mv_ichtoad,pr_wadi,8
mv_ichtoad,wr_wihi,7
mv_aristo,wr_ercl,7
mv_aristo,wr_frth,7
mv_aristo,wr_jusv,7
mv_aristo,wr_kean,7
mv_aristo,wr_lacl,7
mv_aristo,wr_rawr,7
mv_aristo,wr_togo,7
mv_aristo,wr_torow,7
mv_aristo,wr_vage,7
mv_aristo,pr_wihi,8
mv_aristo,pr_wore,6
mv_aristo,pr_wore,8
mv_blcaul,wr_alwi,7
mv_blcaul,wr_arst,7
mv_blcaul,wr_dajo,7
mv_blcaul,pr_joha,8
mv_blcaul,wr_joha,7
mv_blcaul,wr_peyo,7
mv_blcaul,di_riri,6
mv_blcaul,wr_riri,7
mv_blcaul,pr_romi,8
mv_blcaul,wr_romo,7
mv_blcaul,di_tebe,6
mv_blcaul,wr_tebe,7
mv_blcaul,wr_vage,7
mv_toaster,pr_doku,8
mv_toaster,di_jere,6
mv_toaster,pr_thlwi,8
mv_toaster,wr_thmdi,7
mv_cbears,pr_angu,8
mv_cbears,pr_jech,8
mv_cbears,wr_mape,7
mv_cbears,di_peha,6
mv_foxho,di_arst,6
mv_foxho,pr_arst,8
mv_foxho,wr_buma,7
mv_foxho,wr_dami,7
mv_foxho,wr_eakr,7
mv_foxho,wr_lacl,7
mv_foxho,wr_peyo,7
mv_foxho,di_riri,6
mv_foxho,pr_romi,8
mv_foxho,wr_sthu,7
mv_foxho,di_tebe,6
mv_foxho,wr_tebe,7
mv_foxho,wr_vage,7
mv_foxho,pr_wore,8
mv_tgoodi,wr_bope,7
mv_tgoodi,pr_dere,8
mv_tgoodi,wr_erbe,7
mv_tgoodi,wr_kema,7
mv_tgoodi,wr_mefa,7
mv_tgoodi,wr_mefa,7
mv_tgoodi,di_peso,6
mv_tgoodi,wr_peso,7
mv_tgmouse,wr_brmo,7
mv_tgmouse,di_buma,6
mv_tgmouse,pr_buma,8
mv_tgmouse,wr_buma,7
mv_tgmouse,di_dami,6
mv_tgmouse,wr_dami,7
mv_tgmouse,di_jomu,6
mv_tgmouse,wr_jomu,7
mv_tgmouse,wr_maoca,7
mv_tgmouse,wr_mesh,7
mv_tgmouse,wr_peyo,7
mv_tgmouse,di_rocl,6
mv_tgmouse,wr_rocl,7
mv_tgmouse,wr_sthu,7
mv_tgmouse,wr_vage,7
mv_hbnd,pr_doha,8
mv_hbnd,di_gatr,6
mv_hbnd,di_kiwi,6
mv_hbnd,wr_tamu,7
mv_inc,di_brabi,6
mv_inc,wr_brbi,7
mv_inc,pr_jowa,8
mv_inc2,di_brabi,6
mv_inc2,wr_brbi,7
mv_inc2,pr_jowa,8
mv_inc2,pr_nipg,8
mv_irongiant,pr_alab,8
mv_irongiant,di_brabi,6
mv_irongiant,wr_brbi,7
mv_irongiant,pr_demc,8
mv_irongiant,pr_jowa,8
mv_irongiant,pr_peto,8
mv_irongiant,wr_tehu,7
mv_jungle,wr_bipe,7
mv_jungle,wr_flno,7
mv_jungle,wr_kean,7
mv_jungle,wr_lacl,7
mv_jungle,wr_rawr,7
mv_jungle,wr_vage,7
mv_jungle,pr_wadi,8
mv_jungle,pr_wore,6
mv_jungle2,pr_chch,8
mv_jungle2,wr_evsp,7
mv_jungle2,wr_kage,7
mv_jungle2,pr_math,8
mv_jungle2,di_sttr,6
mv_liki,wr_anga,7
mv_liki,wr_bajo,7
mv_liki,wr_buma,7
mv_liki,wr_chsa,7
mv_liki,pr_doha,8
mv_liki,wr_edgo,7
mv_liki,wr_frgl,7
mv_liki,wr_gatr,7
mv_liki,wr_jica,7
mv_liki,wr_jora,7
mv_liki,wr_jokl,7
mv_liki,wr_keha,7
mv_liki,wr_lale,7
mv_liki,wr_loco,7
mv_liki,wr_maka,7
mv_liki,wr_rima,7
mv_liki,di_romi,6
mv_liki,di_roal,6
mv_liki,wr_then,7
mv_liki,wr_tosi,7
mv_liki2,di_brra,6
mv_liki2,pr_geame,8
mv_liki2,wr_toro,7
mv_tlmm,pr_hoas,8
mv_tlmm,di_jomu,6
mv_tlmm,pr_jomu,8
mv_tlmm,wr_jomu,7
mv_tlmm,di_rocl,6
mv_tlmm,wr_rocl,7
mv_tlmm2,di_brsm,6
mv_tlmm2,pr_daklo,8
mv_tlmm2,wr_edgu,7
mv_tlmm2,wr_eldha,7
mv_tlmm2,wr_elan,7
mv_tlmm2,di_jika,6
mv_tlmm2,pr_leho,8
mv_tlmm2,wr_tema,7
mv_mapooh,wr_ercl,7
mv_mapooh,di_jolo,6
mv_mapooh,wr_jusv,7
mv_mapooh,wr_kean,7
mv_mapooh,wr_lacl,7
mv_mapooh,wr_rawr,7
mv_mapooh,wr_tebe,7
mv_mapooh,wr_vage,7
mv_mapooh,pr_wore,6
mv_mapooh,pr_wore,8
mv_mapooh,wr_xaat,7
mv_monster,wr_jocoba,7
mv_monster,wr_maol,7
mv_monster,wr_midi,7
mv_monster,di_zamo,6
mv_monster,pr_zamo,8
mv_muppets,wr_jabu,7
mv_muppets,di_jafr,6
mv_muppets,wr_jeju,7
mv_muppets,pr_jihe,8
mv_muppets,pr_legr,8
mv_muppets,pr_mast,8
mv_piratefair,wr_boga,7
mv_piratefair,wr_crge,7
mv_piratefair,wr_jmba,7
mv_piratefair,wr_jeho,7
mv_piratefair,wr_jola,7
mv_piratefair,wr_loco,7
mv_piratefair,di_peho,6
mv_piratefair,pr_peho,8
mv_piratefair,wr_peho,7
mv_tpatf,wr_grer,7
mv_tpatf,wr_jaor,7
mv_tpatf,di_jomu,6
mv_tpatf,wr_jomu,7
mv_tpatf,pr_pedv,8
mv_tpatf,wr_roed,7
mv_tpatf,di_rocl,6
mv_tpatf,wr_rocl,7
mv_resc,di_arst,6
mv_resc,wr_buma,7
mv_resc,wr_dami,7
mv_resc,wr_dise,7
mv_resc,wr_frth,7
mv_resc,wr_frlu,7
mv_resc,di_jolo,6
mv_resc,wr_kean,7
mv_resc,wr_lacl,7
mv_resc,pr_romi,8
mv_resc,wr_tebe,7
mv_resc,wr_vage,7
mv_resc,pr_wore,6
mv_resc,pr_wore,8
mv_resc2,wr_bysi,7
mv_resc2,di_hebu,6
mv_resc2,wr_jico,7
mv_resc2,wr_jora,7
mv_resc2,wr_kaki,7
mv_resc2,di_miga,6
mv_resc2,pr_thsch,8
mv_jafar,di_alza,6
mv_jafar,pr_alza,8
mv_jafar,pr_jekm,8
mv_jafar,pr_mama,8
mv_jafar,wr_maco,7
mv_jafar,wr_rosch,7
mv_jafar,di_tast,6
mv_jafar,pr_tast,8
mv_jafar,wr_tast,7
mv_jafar,di_tosh,6
mv_swits,wr_bipe,7
mv_swits,pr_wadi,8
mv_swits,pr_wore,6
mv_thrcab,wr_bipe,7
mv_thrcab,di_biro,6
mv_thrcab,di_clge,6
mv_thrcab,wr_deco,7
mv_thrcab,wr_elpl,7
mv_thrcab,wr_erte,7
mv_thrcab,di_hayo,6
mv_thrcab,wr_hobr,7
mv_thrcab,di_jaki,6
mv_thrcab,wr_jabo,7
mv_thrcab,di_nofe,6
mv_thrcab,wr_rawr,7
mv_thrcab,wr_rowi,7
mv_thrcab,wr_tese,7
mv_thrcab,pr_wadi,8
mv_thrcab,wr_wico,7
mv_musketeers,wr_damev,7
mv_musketeers,pr_decr,8
mv_musketeers,di_doco,6
mv_musketeers,wr_evsp,7
mv_musketeers,pr_mapi,8
mv_musketeers,pr_male,8
mv_tiggermv,pr_chab,8
mv_tiggermv,wr_edgu,7
mv_tiggermv,di_jufa,6
mv_tiggermv,wr_jufa,7
mv_tugduck,di_clge,6
mv_tugduck,wr_haan,7
mv_tugduck,di_jacu,6
mv_tugduck,pr_wadi,8
mv_wild,pr_befl,8
mv_wild,pr_clgo,8
mv_wild,wr_edde,7
mv_wild,wr_jojst,7
mv_wild,pr_keli,8
mv_wild,wr_magi,7
mv_wild,wr_phha,7
mv_wild,di_stspwi,6
mv_wild,pr_wivi,8
mv_wisehen,pr_wadi,8
mv_wisehen,wr_wadi,7
mv_wisehen,di_wija,6
mv_tinkerlnb,wr_kako,7
mv_tinkerlnb,pr_mawi,8
mv_tinkerlnb,wr_maco,7
mv_tinkerlnb,wr_rosch,7
mv_tinkerlnb,di_stlo,6
mv_tinkerlnb,wr_stlo,7
mv_tinkerlnb,wr_toro,7
mv_toyst,wr_anst,7
mv_toyst,pr_boar,8
mv_toyst,wr_jora,7
mv_toyst,di_jola,6
mv_toyst,wr_jola,7
mv_toyst,wr_pedo,7
mv_toyst,pr_ragu,8
mv_toyst2,wr_anst,7
mv_toyst2,wr_asbr,7
mv_toyst2,pr_hepl,8
mv_toyst2,di_jola,6
mv_toyst2,wr_jola,7
mv_toyst2,pr_karj,8
mv_toyst2,wr_pedo,7
mv_toyst3,wr_anst,7
mv_toyst3,pr_daka,8
mv_toyst3,wr_jola,7
mv_toyst3,di_leun,6
mv_toyst3,wr_leun,7
mv_toyst4,wr_anst,7
mv_toyst4,wr_jola,7
mv_toyst4,pr_jori,8
mv_toyst4,di_joco,6
mv_toyst4,wr_joco,7
mv_toyst4,pr_mani,8
mv_toyst4,wr_mahy,7
mv_toyst4,wr_rajo,7
mv_toyst4,wr_stfo,7
mv_toyst4,wr_vapo,7
mv_toyst4,wr_wico,7
mv_toystterr,di_anml,6
mv_toystterr,wr_anma,7
mv_toystterr,pr_gasu,8
mv_toysttf,pr_gasu,8
mv_toysttf,di_stpu,6
mv_toysttf,wr_stpu,7
mv_treasurepl,di_jomu,6
mv_treasurepl,pr_jomu,8
mv_treasurepl,wr_jomu,7
mv_treasurepl,pr_pedv,8
mv_treasurepl,wr_roed,7
mv_treasurepl,di_rocl,6
mv_treasurepl,pr_rocl,8
mv_treasurepl,wr_rocl,7
mv_treasurepl,pr_roco,8
mv_treasurepl,wr_teel,7
mv_treasurepl,wr_tero,7
mv_turbo,wr_dale,7
mv_turbo,di_daso,6
mv_turbo,wr_daso,7
mv_turbo,pr_list,8
mv_turbo,wr_rosi,7
mv_up,wr_bope,7
mv_up,pr_jori,8
mv_up,di_pedo,6
mv_up,wr_pedo,7
mv_up,wr_toca,7
mv_whofrrr,pr_doha,8
mv_whofrrr,pr_frma,8
mv_whofrrr,wr_jepr,7
mv_whofrrr,pr_kake,8
mv_whofrrr,wr_pess,7
mv_whofrrr,di_riwi,6
mv_whofrrr,pr_rowa,8
mv_whofrrr,di_roze,6
mv_whofrrr,pr_stst,8
mv_whofrrr,pr_stsp,8
mv_wondersdeep,di_alrr,6
mv_wondersdeep,wr_alrr,7
mv_wondersdeep,wr_daba,7
mv_wondersdeep,wr_dawa,7
mv_wondersdeep,wr_paru,7
mv_wir,pr_clsp,8
mv_wir,wr_jele,7
mv_wir,wr_jire,7
mv_wir,wr_phjo,7
mv_wir,wr_phjo,7
mv_wir,di_rimo,6
mv_wir,wr_rimo,7
mv_friendrat,wr_jepi,7
mv_friendrat,di_jica,6
mv_friendrat,pr_jica,8
mv_friendrat,wr_jica,7
mv_zoo,di_byho,6
mv_zoo,wr_brho,7
mv_zoo,pr_clsp,8
mv_zoo,wr_jabu,7
mv_zoo,wr_jele,7
mv_zoo,wr_jire,7
mv_zoo,wr_jotr,7
mv_zoo,wr_phjo,7
mv_zoo,di_rimo,6
mv_zoo,wr_rimo,7
fig_a113,mv_abuli,4
fig_atta,mv_abuli,2
fig_ariel,mv_goofy,4
fig_ariel,mv_goofy,4
fig_bambi,mv_goofy,4
fig_bigfoot,mv_goofy,2
fig_chad,mv_goofy,2
fig_alad,mv_alad,2
fig_beast,mv_alad,4
fig_alice,mv_alice,2
fig_alisis,mv_alice,2
fig_billiz,mv_alice,2
fig_binatree,mv_alice,3
fig_cardpaint,mv_alice,3
fig_caterpillar,mv_alice,2
fig_checat,mv_alice,2
fig_auntena,mv_bambi,2
fig_bambi,mv_bambi,2
fig_bammo,mv_bambi,2
fig_binanest,mv_bambi,2
fig_bammo,mv_bambi2,2
fig_bambi,mv_bambi2,2
fig_beast,mv_batb,2
fig_belle,mv_batb,2
fig_chip,mv_batb,2
fig_ariel,mv_bedtime,2
fig_buzzlight,mv_bedtime,3
fig_a113,mv_bh6,4
fig_acall,mv_bh7,2
fig_akrei,mv_bh8,2
fig_arendelle,mv_bh9,4
fig_bamx,mv_bh10,2
fig_bigh6mov,mv_bh11,1
fig_bolt,mv_bh12,4
fig_bolt,mv_bolt,2
fig_a113,mv_brave,4
fig_a113,mv_cars,4
fig_a113,mv_cars,4
fig_bcutlass,mv_cars,2
fig_bobswift,mv_cars,2
fig_briyard,mv_cars,2
fig_bully,mv_cars,2
fig_buzzlight,mv_cars,4
fig_chhicks,mv_cars,2
fig_cruz,mv_cars,2
fig_dcartr,mv_cars,2
fig_a113,mv_cars2,4
fig_a113,mv_cars2,4
fig_a113,mv_cars2,4
fig_dcartr,mv_cars2,2
fig_dcartr,mv_cars3,2
fig_chrisrobin,mv_chrrob,2
fig_antres,mv_cind,2
fig_bruno,mv_cind,2
fig_cincastle,mv_cind,4
fig_cind,mv_cind,2
fig_cinddoor,mv_cind,2
fig_abu,mv_coco,2
fig_berto,mv_coco,2
fig_buzzlight,mv_coco,3
fig_chich,mv_coco,2
fig_correct,mv_coco,2
fig_dante,mv_coco,2
fig_depagent,mv_coco,2
fig_alsleech,mv_doug,2
fig_beebe,mv_doug,2
fig_bluffag,mv_doug,2
fig_boomer,mv_doug,2
fig_chalk,mv_doug,2
fig_conniedo,mv_doug,2
fig_bentbea,mv_ducktls,2
fig_daisyduck,mv_ducktls,2
fig_deweyvan,mv_ducktls,2
fig_casey,mv_dumbo,2
fig_clowndumb,mv_dumbo,2
fig_benali,mv_fant,3
fig_cherna,mv_fant,3
fig_cherna,mv_fant2,3
fig_crocodiles,mv_fant2,3
fig_daisyduck,mv_fant2,2
fig_dante,fig_mexhldog,3
fig_bailey,mv_dory,2
fig_blo,mv_dory,2
fig_bub,mv_dory,2
fig_charliedory,mv_dory,2
fig_chfish,mv_dory,2
fig_crab,mv_dory,2
fig_crush,mv_dory,2
fig_darla,mv_dory,3
fig_debdory,mv_dory,2
fig_destiny,mv_dory,2
fig_a113,mv_nemo,4
fig_anch,mv_nemo,2
fig_angler,mv_nemo,3
fig_bruce,mv_nemo,2
fig_buzzlight,mv_nemo,3
fig_coral,mv_nemo,2
fig_darla,mv_nemo,2
fig_dent,mv_nemo,2
fig_bambi,mv_frween,4
fig_annacloth,mv_frozen,4
fig_annadoll,mv_frozen,4
fig_annafroz,mv_frozen,2
fig_annarhors,mv_frozen,4
fig_arendelle,mv_frozen,2
fig_candy,mv_frozen,4
fig_bongo,mv_funff,3
fig_charlmc,mv_funff,3
fig_bernado,mv_gepetto,2
fig_buck,mv_hotr,2
fig_bagheera,mv_housemouse,3
fig_baloo,mv_housemouse,3
fig_anger,mv_inout,2
fig_arlo,mv_inout,4
fig_bibo,mv_inout,2
fig_cgirlem,mv_inout,2
fig_bagheera,mv_jungle2,2
fig_adavis,mv_kinhrts,4
fig_amladtr,mv_lattr,2
fig_auntsarah,mv_lattr,2
fig_beaver,mv_lattr,2
fig_boris,mv_lattr,2
fig_bulltr,mv_lattr,2
fig_dachsie,mv_lattr,2
fig_darling,mv_lattr,2
fig_a113,mv_lands,4
fig_cbrbobo,mv_lands,2
fig_cincastle,mv_lands,4
fig_cptgantu,mv_lands,2
fig_daffy,mv_looney,2
fig_baloo,mv_mtr,4
fig_bulleye,mv_mtr,4
fig_a113,mv_brave,4
fig_audwoo,mv_housemouse,2
fig_daisyduck,mv_ouach,2
fig_daisyduck,mv_ouach,2
fig_bamx,mv_moana,4
fig_artmonuni,mv_monstersuni,2
fig_bigred,mv_monstersuni,2
fig_bropea,mv_monstersuni,2
fig_busdriv,mv_monstersuni,2
fig_carrie,mv_monstersuni,2
fig_chetalex,mv_monstersuni,2
fig_clairewheeler,mv_monstersuni,2
fig_deanabi,mv_monstersuni,2
fig_boo,mv_monsters,2
fig_celmae,mv_monsters,2
fig_a113,mv_monstersuni,4
fig_arlo,mv_monstersuni,3
fig_aurora,mv_olicomp,3
fig_boris,mv_101dal61,3
fig_bulltr,mv_101dal62,3
fig_captain,mv_101dal63,2
fig_coldalm,mv_101dal64,2
fig_collie,mv_101dal65,2
fig_cruella,mv_101dal66,2
fig_dalmduch,mv_101dal67,2
fig_danny,mv_101dal68,2
fig_chrisrobin,mv_pigbm,2
fig_blfair,mv_pinocchio,2
fig_cvbark,mv_pinocchio,2
fig_bravopl,mv_planes,2
fig_bulldog,mv_planes,2
fig_chug,mv_planes,2
fig_colcow,mv_planes,2
fig_andre,mv_planefr,2
fig_avalanche,mv_planefr,2
fig_blackout,mv_planefr,2
fig_blarang,mv_planefr,2
fig_cabbie,mv_planefr,2
fig_cadspin,mv_planefr,2
fig_chug,mv_planefr,2
fig_annadoll,mv_ralphbrk,4
fig_annafroz,mv_ralphbrk,3
fig_annarhors,mv_ralphbrk,4
fig_arendelle,mv_ralphbrk,4
fig_ariel,mv_ralphbrk,3
fig_arlo,mv_ralphbrk,2
fig_audwoo,mv_ralphbrk,3
fig_aurora,mv_ralphbrk,3
fig_bambi,mv_ralphbrk,4
fig_bamx,mv_ralphbrk,3
fig_bamx,mv_ralphbrk,3
fig_bellcom,mv_ralphbrk,4
fig_belle,mv_ralphbrk,3
fig_buzzlight,mv_ralphbrk,4
fig_buzzlight,mv_ralphbrk,4
fig_carlshouse,mv_ralphbrk,4
fig_chewy,mv_ralphbrk,4
fig_cind,mv_ralphbrk,3
fig_a113,mv_ratatou,4
fig_alflin,mv_ratatou,2
fig_ambmi,mv_ratatou,2
fig_anteg,mv_ratatou,2
fig_august,mv_ratatou,2
fig_chefskin,mv_ratatou,2
fig_ashspi,mv_recess,2
fig_becdet,mv_recess,2
fig_cubby,mv_rtneverl,2
fig_danny,mv_rtneverl,2
fig_alanad,mv_rhood,2
fig_cptcroco,mv_rhood,2
fig_bobble,mv_secotw,2
fig_clank,mv_secotw,2
fig_deweywing,mv_secotw,2
fig_a113,mv_simpsons,4
fig_a113,mv_simpsons,4
fig_a113,mv_simpsons,4
fig_aurora,mv_tsby,2
fig_bashful,mv_snow,2
fig_chewy,mv_starwars,2
fig_chip,mv_tarzan,4
fig_adele,mv_teapet,2
fig_barryang,mv_teapet,2
fig_blfair,mv_teapet,3
fig_dennispet,mv_teapet,2
fig_anmcba,mv_ichtoad,2
fig_brombon,mv_ichtoad,3
fig_cyril,mv_ichtoad,2
fig_abgabb,mv_aristo,2
fig_amgabb,mv_aristo,2
fig_aristoduch,mv_aristo,3
fig_berlioz,mv_aristo,2
fig_billyrussian,mv_aristo,2
fig_a113,mv_avengers,4
fig_a113,mv_avengers,4
fig_blackcaul,mv_blcaul,3
fig_creeper,mv_blcaul,2
fig_dallben,mv_blcaul,3
fig_a113,mv_toaster,4
fig_amoss,mv_foxho,3
fig_bigmam,mv_foxho,3
fig_boomer,mv_foxho,2
fig_boysq,mv_foxho,3
fig_chiefhound,mv_foxho,2
fig_copper,mv_foxho,2
fig_arlo,mv_tgoodi,2
fig_but,mv_tgoodi,2
fig_billiz,mv_tgmouse,3
fig_belle,mv_hbnd,3
fig_a113,mv_inc,4
fig_ambassador,mv_inc,2
fig_bernkro,mv_inc,2
fig_bobparr,mv_inc,2
fig_bombvoy,mv_inc,2
fig_bruce,mv_inc,4
fig_dashiell,mv_inc,2
fig_detective1,mv_inc,2
fig_detective2,mv_inc,2
fig_a113,mv_irongiant,4
fig_akela,mv_jungle,2
fig_bagheera,mv_jungle,2
fig_baloo,mv_jungle,2
fig_bammo,mv_jungle,3
fig_colhath,mv_jungle,2
fig_baloo,mv_jungle2,2
fig_colhath,mv_jungle2,2
fig_colscn,mv_liki,2
fig_baloo,mv_liki2,3
fig_ariel,mv_tlmm,2
fig_chrisrobin,mv_mapooh,2
fig_bobble,mv_piratefair,3
fig_bonito,mv_piratefair,2
fig_clank,mv_piratefair,2
fig_a113,mv_tpatf,4
fig_bambi,mv_resc,3
fig_bernard,mv_resc,2
fig_binanest,mv_resc,3
fig_brutus,mv_resc,2
fig_crocodiles,mv_resc,3
fig_deacon,mv_resc,2
fig_deadeye,mv_resc,2
fig_archimedes,mv_swits,2
fig_artpe,mv_swits,2
fig_bammo,mv_swits,3
fig_boysq,mv_swits,2
fig_almira,mv_thrcab,2
fig_arabi,mv_thrcab,3
fig_carmoli,mv_thrcab,3
fig_daisyduck,mv_musketeers,2
fig_chrisrobin,mv_tiggermv,2
fig_buck,mv_tinkerlnb,2
fig_chase,mv_tinkerlnb,2
fig_a113,mv_toyst,2
fig_adavis,mv_toyst,2
fig_barbie,mv_toyst,2
fig_bopeep,mv_toyst,2
fig_bulleye,mv_toyst,2
fig_buzzlight,mv_toyst,2
fig_adavis,mv_toyst2,2
fig_bopeep,mv_toyst2,2
fig_buzzlight,mv_toyst2,2
fig_adavis,mv_toyst3,2
fig_bigb,mv_toyst3,2
fig_bodad,mv_toyst3,2
fig_bomom,mv_toyst3,2
fig_bonnie,mv_toyst3,2
fig_bopeep,mv_toyst3,2
fig_buzzlight,mv_toyst3,2
fig_darla,mv_toyst3,4
fig_adavis,mv_toyst4,2
fig_alpha,mv_toyst4,3
fig_arlo,mv_toyst4,4
fig_beta,mv_toyst4,3
fig_bodad,mv_toyst4,2
fig_bomom,mv_toyst4,2
fig_bonnie,mv_toyst4,2
fig_bopeep,mv_toyst4,2
fig_bunny,mv_toyst4,2
fig_buzzlight,mv_toyst4,2
fig_charl,mv_toyst4,3
fig_dcaboom,mv_toyst4,2
fig_almcwhi,mv_toyst2,2
fig_a113,mv_up,4
fig_alpha,mv_up,2
fig_angler,mv_up,3
fig_beta,mv_up,2
fig_carlshouse,mv_up,4
fig_charl,mv_up,2
fig_a113,mv_walle,4
fig_a113,mv_walle,4
fig_angelo,mv_whofrrr,2
fig_babyherman,mv_whofrrr,2
fig_bbunny,mv_whofrrr,2
fig_bencab,mv_whofrrr,2
fig_bettyboo,mv_whofrrr,2
fig_bibawo,mv_whofrrr,2
fig_daffy,mv_whofrrr,2
fig_daisyduck,mv_whofrrr,3
fig_bolt,mv_wir,4
fig_candy,mv_wir,2
fig_cybug,mv_wir,2
fig_annacloth,mv_zoo,4
fig_bambi,mv_zoo,4
fig_bamx,mv_zoo,4
fig_bellcom,mv_zoo,4
fig_bigh6mov,mv_zoo,1
fig_plikli,mv_lands,2
fig_pincoach,mv_pinocchio,2
fig_scents,mv_101dal61,4
fig_scents,mv_ratatou,2
fig_msbianca,mv_resc2,2
fig_msbird,mv_101dal61,2
fig_msfritter,mv_cars,2
fig_msmaps,mv_goofy,2
fig_mtwhale,mv_pinocchio,2
fig_mrsmee,mv_ppan,2
fig_mrsmee,mv_rtneverl,2
fig_mrsmee,mv_piratefair,2
fig_mrsnoops,mv_resc2,2
fig_mrsoil,mv_abuli,2
fig_mrstork,mv_dumbo,2
fig_mrshas,mv_lands,2
fig_mrshog,mv_inc,2
fig_mrspossum,mv_bambi,2
fig_mrspohead,mv_toyst,2
fig_mrspotts,mv_batb,2
fig_mrspotts,mv_tarzan,4
fig_mrsrabbit,mv_bambi,2
fig_mrsgraves,mv_monstersuni,2
fig_mulan,mv_mulan,2
fig_mulan,mv_ralphbrk,3
fig_mulanmov,mv_lands,4
fig_mulanmov,mv_mulan,4
fig_muwok,mv_lands,4
fig_muwok,mv_mulan,2
fig_must,mv_ratatou,2
fig_nana,mv_rtneverl,2
fig_nani,mv_lands,2
fig_nannydalm,mv_101dal61,2
fig_napoleon,mv_aristo,2
fig_nash,mv_tgoodi,2
fig_natalie,mv_cars,2
fig_neddoug,mv_doug,2
fig_nedzed,mv_planes,2
fig_need,mv_monsters,2
fig_nemo,mv_brbear,3
fig_nemo,mv_dory,2
fig_nemo,mv_nemo,2
fig_nemo,mv_inout,4
fig_nemo,mv_monsters,4
fig_nemo,mv_toyst3,4
fig_nero,mv_thrcab,2
fig_nestor,mv_thrcab,2
fig_nibs,mv_rtneverl,2
fig_nloopin,mv_planefr,2
fig_nwilde,mv_bh6,4
fig_nwilde,mv_ralphbrk,3
fig_nwilde,mv_zoo,2
fig_nigel,mv_wild,2
fig_normfer,mv_salam,2
fig_nutsy,mv_rhood,2
fig_nyx,mv_tinkerlnb,2
fig_octopus,mv_rtneverl,2
fig_oljammer,mv_planefr,2
fig_olaf,mv_emojii,4
fig_olaf,mv_bh6,4
fig_olaf,mv_frozen,2
fig_olaf,mv_moana,4
fig_olaf,mv_ralphbrk,4
fig_olaf,mv_zoo,4
fig_oppenh,mv_piratefair,2
fig_orddu,mv_blcaul,2
fig_orgoch,mv_blcaul,2
fig_orville,mv_resc,2
fig_orwen,mv_blcaul,2
fig_otlr,mv_oswald,2
fig_otlr,mv_zoo,4
fig_otto,mv_rhood,2
fig_pjgoof,mv_goofy,2
fig_ptfl,mv_abuli,2
fig_padua,mv_thrcab,2
fig_panchito,mv_thrcab,2
fig_papa,mv_coco,2
fig_passecarl,mv_dory,2
fig_patdodo,mv_alice,2
fig_patchdalm,mv_101dal61,2
fig_patchplane,mv_planefr,2
fig_patti,mv_doug,2
fig_peach,mv_nemo,2
fig_pearl,mv_dory,3
fig_pearl,mv_nemo,2
fig_pedro,mv_lattr,2
fig_peglad,mv_olicomp,2
fig_peglad,mv_101dal61,3
fig_peglad,mv_lattr,3
fig_penguin,mv_fant2,3
fig_penguin,,3
fig_pennydal,mv_101dal61,2
fig_pennyresc,mv_resc,2
fig_peppo,mv_aristo,2
fig_percival,mv_101dal61,2
fig_perdita,mv_101dal61,2
fig_periwi,mv_secotw,2
fig_periwi,mv_piratefair,3
fig_perv,mv_tgoodi,2
fig_pshown,mv_lands,2
fig_petegoof,mv_goofy,2
fig_peterpan,mv_housemouse,3
fig_peterpan,mv_ppan,2
fig_peterpan,mv_ppanret,2
fig_peterpan,mv_ralphbrk,4
fig_peterpan,mv_rtneverl,2
fig_peterpan,mv_liki2,3
fig_petegrand,mv_mmmus,2
fig_pheas,mv_bambi,3
fig_pheas,mv_foxho,3
fig_piglet,mv_lands,2
fig_piglet,mv_pigbm,2
fig_piglet,mv_heffalump,2
fig_piglet,mv_ralphbrk,4
fig_piglet,mv_mapooh,2
fig_piglet,mv_tiggermv,2
fig_pinecone,mv_planefr,2
fig_pinocchio,mv_alad,3
fig_pinocchio,mv_gepetto,2
fig_pinocchio,mv_monster,4
fig_pinocchio,mv_pinocchio,2
fig_pinocchio,mv_tang,4
fig_pinocchio,mv_tang,3
fig_pinocchio,mv_teapet,3
fig_pinocchio,mv_whofrrr,2
fig_pinocchio,mv_wondersdeep,3
fig_piratecrew,mv_rtneverl,2
fig_plane,mv_monsters,2
fig_plaza,mv_coco,4
fig_piring,mv_gepetto,2
fig_poca,mv_alad2,3
fig_poca,mv_housemouse,3
fig_poca,mv_poca,2
fig_poca,mv_poca2,2
fig_poca,mv_ralphbrk,3
fig_poca,mv_liki2,4
fig_policemanlady,mv_lattr,2
fig_policeman,mv_ichtoad,2
fig_pomp,mv_ratatou,2
fig_pongo,mv_olicomp,3
fig_pongo,mv_101dal61,2
fig_pophen,mv_tgoodi,2
fig_porcupine,mv_bambi2,3
fig_porcupine,mv_foxho,2
fig_pochop,mv_doug,2
fig_popig,mv_whofrrr,2
fig_port,mv_piratefair,2
fig_porcorsa,mv_cars,4
fig_porcorsa,mv_planes,4
fig_popaemcee,mv_goofy,2
fig_preboy,mv_teapet,2
fig_princharming,mv_cind,2
fig_preric,mv_tlmm,2
fig_princejohn,mv_rhood,2
fig_prnaveen,mv_tpatf,2
fig_princephilipp,mv_tsby,2
fig_princess,mv_101dal61,2
fig_prjas,mv_alad,2
fig_prjas,mv_alad19,2
fig_prjas,mv_alad2,2
fig_prjas,mv_emojii,4
fig_prjas,mv_housemouse,3
fig_prjas,mv_ladnight,3
fig_prjas,mv_housemouse,3
fig_prjas,mv_ralphbrk,2
fig_prjas,mv_sofia,3
fig_prjas,mv_liki2,4
fig_prjas,mv_jafar,2
fig_princmazur,mv_goofy,2
fig_principalprly,mv_recess,2
fig_princstckler,mv_teapet,2
fig_professor,mv_lattr,2
fig_prfbuon,mv_gepetto,2
fig_profbuzzo,mv_monstersuni,2
fig_profragan,mv_olicomp,4
fig_profragan,mv_tgmouse,2
fig_procutor,mv_ichtoad,2
fig_pscho,mv_whofrrr,2
fig_puki,mv_planefr,2
fig_pumbaa,mv_hbnd,4
fig_pumbaa,mv_jungle2,3
fig_pumbaa,mv_liki,2
fig_queenclarion,mv_secotw,2
fig_queenclarion,mv_piratefair,2
fig_queenclarion,mv_tinkerlnb,2
fig_queengrimhilde,mv_snow,2
fig_queenleah,mv_tsby,2
fig_queenofhearts,mv_alice,2
fig_queenie,mv_101dal61,2
fig_quizmaster,mv_101dal61,2
fig_rkmaroon,mv_whofrrr,2
fig_r2d2,mv_ralphbrk,3
fig_r2d2,mv_starwars,2
fig_rabbit,mv_pigbm,2
fig_rabbit,mv_heffalump,2
fig_rabbit,mv_ralphbrk,4
fig_rabbit,mv_mapooh,2
fig_rabbit,mv_tiggermv,2
fig_rama,mv_jungle,2
fig_ramone,mv_cars,2
fig_ram,mv_tgoodi,2
fig_ranboggs,mv_monstersuni,2
fig_ranjan,mv_jungle2,2
fig_ranjanfather,mv_jungle2,2
fig_rapunzel,Frozen,3
fig_rapunzel,mv_heffalump,3
fig_rapunzel,mv_rapunzel,2
fig_rapfryingpan,mv_ralphbrk,4
fig_rapfryingpan,mv_tang,4
fig_rat_ladytrump,mv_alad,3
fig_rat_ladytrump,mv_lattr,3
fig_ratty,mv_ichtoad,2
fig_ray,mv_nemo,2
fig_rc,mv_toyst,3
fig_rc,mv_toyst2,3
fig_rc,mv_toyst3,3
fig_rc,mv_toyst4,3
fig_red,mv_cars,2
fig_reflux,mv_inc,2
fig_remy,mv_inout,4
fig_remy,mv_ratatou,2
fig_rex,mv_toyst,2
fig_rex,mv_toyst2,2
fig_rex,mv_toyst3,2
fig_rex,mv_toyst4,2
fig_rickdicker,mv_inc,2
fig_rigger,mv_rhood,2
fig_ril,mv_dory,3
fig_ril,mv_inout,2
fig_rildad,mv_inout,2
fig_rilmom,mv_inout,2
fig_ripsliger,mv_planes,2
fig_riscott,mv_cars,2
fig_rcall,mv_bh6,2
fig_roflaParr,mv_inc,2
fig_robin,mv_tinkerlnb,2
fig_robinhood,mv_rhood,2
fig_rocrsuher,mv_doug,2
fig_rochelle,mv_planes,2
fig_rocketraccoon,mv_guards,2
fig_rocketraccoon,mv_ralphbrk,3
fig_roklotz,mv_doug,2
fig_rorabbit,mv_whofrrr,2
fig_rodcliffe,mv_olicomp,3
fig_rodcliffe,mv_101dal61,2
fig_rolly,mv_101dal61,2
fig_ropoclo,mv_monsters,4
fig_ropoclo,mv_toyst,2
fig_ropoclo,mv_toyst2,4
fig_ropoclo,mv_toyst3,4
fig_rclements,mv_alad,3
fig_rclements,di_rocl,6
fig_rclements,pr_rocl,7
fig_rclements,wr_rocl,8
fig_rclements,mv_hercules,3
fig_rclements,mv_moana,4
fig_rclements,mv_tlmm,3
fig_rclements,mv_tpatf,3
fig_rclements,mv_treasurepl,3
fig_ronno,mv_bambi2,2
fig_roo,mv_pigbm,2
fig_roo,mv_heffalump,2
fig_roo,mv_ralphbrk,3
fig_roo,mv_mapooh,2
fig_roo,mv_tiggermv,2
fig_roper,mv_planes,2
fig_rothemouse,mv_aristo,2
fig_rosetta,mv_secotw,2
fig_rosetta,mv_piratefair,2
fig_rosetta,mv_tinkerlnb,2
fig_ros,mv_abuli,2
fig_rotwsky,mv_cars,2
fig_rover,mv_101dal61,2
fig_roxanne,mv_goofy,2
fig_roz,mv_monstersuni,2
fig_rudder,mv_dory,2
fig_rufus,mv_resc,2
fig_russ,mv_up,2
fig_ruseze,mv_cars,2
fig_sad,mv_inout,2
fig_salcarrera,mv_cars,2
fig_sanfranokyo,mv_bh6,4
fig_sanfranokyo,mv_ralphbrk,2
fig_sanfranokyo,mv_zoo,4
fig_sarge,mv_inout,2
fig_sargeant,mv_cars,2
fig_sasha,mv_mmmus,2
fig_scar,mv_hercules,4
fig_scar,mv_liki,2
fig_scatcat,mv_aristo,2
fig_scenejungle,mv_jungle,4
fig_scenejungle,mv_resc,4
fig_scenestreet,mv_lattr,4
fig_scenestreet,mv_resc,4
fig_scottsquibbles,mv_monstersuni,2
fig_scottleady,mv_teapet,2
fig_scribble,mv_tinkerlnb,2
fig_scrmcduck,,2
fig_scud,mv_toyst,2
fig_sculmaid,mv_swits,2
fig_scuttle,mv_tlmm,2
fig_sebastian,mv_alad,3
fig_sebastian,mv_tlmm,2
fig_scottbbles,mv_secotw,2
fig_scottbbles,mv_piratefair,2
fig_scottbbles,mv_tinkerlnb,2
fig_scarprepared,mv_liki,2
fig_pttp,mv_101dal61,2
fig_pttp,fig_scarprepared,4
fig_sdflower,mv_moana,4
fig_sdflower,mv_tang,4
fig_pigeons,mv_bolt,3
fig_pigeons,mv_tang,3
fig_oscar,mv_coco,2
fig_rclements,mv_moana,3
fig_mexhldog,mv_101dal61,3
fig_manny,mv_abuli,2
fig_molt,mv_abuli,2
fig_lester,mv_goofy,2
fig_lisa,mv_goofy,2
fig_maxgoof,mv_goofy,2
fig_mickey,mv_goofy,4
fig_mickey,mv_goofy,3
fig_mickey,mv_goofy,3
fig_mickey,mv_goofy,4
fig_jafar,mv_alad,2
fig_jmusker,mv_alad,3
fig_mickey,mv_alad,3
fig_jafar,mv_alad19,2
fig_josecari,mv_alice,3
fig_josecari,mv_alice,3
fig_khearts,mv_alice,2
fig_madhat,mv_alice,2
fig_march,mv_alice,2
fig_jskellington,mv_emojii,4
fig_jafar,mv_emojii,4
fig_mrmole,mv_bambi,3
fig_mena,mv_bambi2,2
fig_lcatcaf,mv_bh6,4
fig_mochi,mv_bh6,3
fig_kferg,mv_brave,2
fig_loguf,mv_brave,2
fig_lomac,mv_brave,2
fig_lording,mv_brave,2
fig_luxball,mv_brave,4
fig_mart,mv_brave,2
fig_maud,mv_brave,2
fig_merida,mv_brave,2
fig_jacksortm,mv_cars,2
fig_juniorcar,mv_cars,2
fig_lizz,mv_cars,2
fig_lmcqueen,mv_cars,2
fig_louise,mv_cars,2
fig_luigi,mv_cars,2
fig_lynda,mv_cars,2
fig_mack,mv_cars,2
fig_maddy,mv_cars,2
fig_mater,mv_cars,2
fig_mia,mv_cars,2
fig_mike,mv_cars,3
fig_minnycar,mv_cars,3
fig_lmcqueen,mv_cars2,2
fig_lohbear,mv_cars2,4
fig_luxball,mv_cars2,4
fig_mia,mv_cars2,2
fig_minnycar,mv_cars2,2
fig_lmcqueen,mv_cars3,2
fig_luxball,mv_cars3,4
fig_mickey,mv_chlit,4
fig_jaqcind,mv_cind,2
fig_kingcind,mv_cind,2
fig_ladytrm,mv_cind,2
fig_lucifer,mv_cind,2
fig_imelda,mv_coco,2
fig_juan,mv_coco,2
fig_julio,mv_coco,2
fig_luxball,mv_coco,4
fig_mamacoco,mv_coco,2
fig_miguel,mv_coco,2
fig_mexhldog,fig_dante,4
fig_jmusker,di_jomu,6
fig_jafar,mv_donlamp,3
fig_judgefun,mv_doug,2
fig_larry,mv_doug,2
fig_lincoln,mv_doug,2
fig_mayortippi,mv_doug,2
fig_moosleech,mv_doug,2
fig_mrbluff,mv_doug,2
fig_mrchimney,mv_doug,2
fig_mrdink,mv_doug,2
fig_mrfunnie,mv_doug,2
fig_mrsfunny,mv_doug,2
fig_josecari,mv_ducktls,3
fig_launch,mv_ducktls,2
fig_louvan,mv_ducktls,2
fig_merlock,mv_ducktls,2
fig_mrsfeath,mv_ducktls,2
fig_jimcro,mv_dumbo,2
fig_jafar,mv_elhol,3
fig_madhat,mv_elhol,2
fig_minnie,mv_elhol,2
fig_hyhippo,mv_fant,2
fig_mickey,mv_fant,2
fig_mothpega,mv_fant,2
fig_hyhippo,mv_fant2,2
fig_mothpega,mv_fant2,3
fig_jacques,mv_dory,2
fig_jennydory,mv_dory,2
fig_lmcqueen,mv_dory,4
fig_luxball,mv_dory,4
fig_marlin,mv_dory,2
fig_mrray,mv_dory,2
fig_luxball,mv_nemo,4
fig_mike,mv_nemo,3
fig_kagn,mv_frozen,2
fig_marsh,mv_frozen,2
fig_mickey,mv_frozen,4
fig_mickey,mv_frozen,4
fig_jimcrick,mv_funff,2
fig_luana,mv_funff,2
fig_mickey,mv_funff,2
fig_mortimer,mv_funff,3
fig_lazardo,mv_gepetto,2
fig_jmusker,mv_hercules,3
fig_jafar,mv_housemouse,2
fig_jimcrick,mv_housemouse,3
fig_josecari,mv_housemouse,3
fig_madhat,mv_housemouse,3
fig_luxball,mv_inc2,4
fig_jake,mv_inout,2
fig_jang,mv_inout,2
fig_joy,mv_inout,2
fig_luxball,mv_inout,4
fig_mosad,mv_inout,2
fig_luxball,mv_jjatt,4
fig_jskellington,mv_jampch,3
fig_mickey,mv_jampch,3
fig_hyena,mv_lattr,2
fig_jimdea,mv_lattr,2
fig_jimsfr,mv_lattr,2
fig_ladytr,mv_lattr,2
fig_jookiba,mv_lands,2
fig_lilo,mv_lands,2
fig_medmonds,mv_lands,2
fig_luxball,mv_lands,4
fig_luxball,mv_luxo,2
fig_jessie,mv_mtr,4
fig_jimcrick,mv_housemouse,3
fig_minnie,mv_ouach,2
fig_minnie,mv_ouach,2
fig_jmusker,mv_moana,4
fig_jmusker,mv_moana,3
fig_marsh,mv_moana,3
fig_mfhook,mv_moana,2
fig_moana,mv_moana,2
fig_moanamov,mv_moana,4
fig_motunui,mv_moana,2
fig_luxball,mv_monstersuni,4
fig_jessie,mv_monsters,4
fig_johnworth,mv_monstersuni,2
fig_jeff,mv_monsters,2
fig_jerry,mv_monsters,2
fig_luxball,mv_monsters,4
fig_mike,mv_monsters,2
fig_mike,mv_monstersuni,2
fig_mrsflint,mv_monsters,2
fig_lbdoll,mv_mulan,3
fig_jock,mv_olicomp,2
fig_mickey,mv_olicomp,4
fig_inspcraven,mv_101dal61,2
fig_jasper,mv_101dal61,2
fig_jock,mv_101dal61,3
fig_labrador,mv_101dal61,2
fig_luckydog,mv_101dal61,2
fig_lucy,mv_101dal61,2
fig_megpap,mv_paperman,3
fig_indianch,mv_ppan,2
fig_johndarl,mv_ppan,2
fig_mamahook,mv_ppan,2
fig_marydarl,mv_ppan,2
fig_mermaids,mv_ppan,2
fig_michda,mv_ppan,2
fig_kanga,mv_pigbm,2
fig_jimcrick,mv_pinocchio,2
fig_johnworth,mv_pinocchio,2
fig_lmpwck,mv_pinocchio,2
fig_ishani,mv_planes,2
fig_judgdav,mv_planes,2
fig_leadbot,mv_planes,2
fig_lilkim,mv_planes,2
fig_leadbot,mv_planefr,3
fig_lildipper,mv_planefr,2
fig_lmcqueen,mv_planefr,3
fig_maru,mv_planefr,2
fig_mayday,mv_planefr,2
fig_lon,mv_poca,2
fig_kanga,mv_heffalump,2
fig_lumpy,mv_heffalump,2
fig_mamahef,mv_heffalump,2
fig_luxball,mv_presto,4
fig_luxball,mv_presto,4
fig_jskellington,mv_tpatf,4
fig_jmusker,pr_jomu,8
fig_jaqcind,mv_ralphbrk,3
fig_jessie,mv_ralphbrk,3
fig_jskellington,mv_ralphbrk,4
fig_judgehopps,mv_ralphbrk,3
fig_kagn,mv_ralphbrk,3
fig_kermit,mv_ralphbrk,4
fig_lmcqueen,mv_ralphbrk,4
fig_madhat,mv_ralphbrk,4
fig_megpap,mv_ralphbrk,3
fig_merida,mv_ralphbrk,3
fig_mfhook,mv_ralphbrk,4
fig_mickey,mv_ralphbrk,4
fig_mickey,mv_ralphbrk,4
fig_moana,mv_ralphbrk,3
fig_mochi,mv_ralphbrk,3
fig_motunui,mv_ralphbrk,3
fig_mrbiglimo,mv_ralphbrk,4
fig_lcatcaf,mv_ralphbrk,4
fig_lalo,mv_ratatou,2
fig_larou,mv_ratatou,2
fig_mikeblu,mv_recess,2
fig_mrsfinster,mv_recess,2
fig_luxball,mv_redsdr,4
fig_janenever,mv_rtneverl,2
fig_johndarl,mv_rtneverl,4
fig_mamahook,mv_rtneverl,2
fig_michda,mv_rtneverl,2
fig_mickey,mv_rtneverl,4
fig_krich,mv_rhood,2
fig_ladyklu,mv_rhood,2
fig_liljohn,mv_rhood,2
fig_maidmar,mv_rhood,2
fig_motherlilsis,mv_rhood,2
fig_mothrabbit,mv_rhood,2
fig_josecari,mv_salam,2
fig_leeblair,mv_salam,2
fig_maryblair,mv_salam,2
fig_iridessa,mv_secotw,2
fig_lomilori,mv_secotw,2
fig_mickey,mv_secotw,4
fig_khubert,mv_tsby,2
fig_kstefan,mv_tsby,2
fig_maleficient,mv_tsby,2
fig_malgoon,mv_tsby,2
fig_merrywe,mv_tsby,2
fig_mickey,mv_stbtwl,2
fig_maximus,mv_tang,2
fig_lbdoll,mv_tarzan,3
fig_mickey,mv_teapet,4
fig_ianwaz,mv_teapet,2
fig_leonard,mv_teapet,2
fig_maryhelp,mv_teapet,2
fig_mrjolly,mv_teapet,2
fig_mrsboogin,mv_teapet,2
fig_ichabod,mv_ichtoad,2
fig_moley,mv_ichtoad,2
fig_lafayette,mv_aristo,2
fig_marie,mv_aristo,2
fig_mmeade,mv_aristo,3
fig_keid,mv_blcaul,2
fig_mrdigger,mv_foxho,3
fig_lib,mv_tgoodi,2
fig_lurl,mv_tgoodi,2
fig_luxball,mv_tgoodi,4
fig_momida,mv_tgoodi,2
fig_lon,mv_hbnd,3
fig_japarr,mv_inc,2
fig_karen,mv_inc,2
fig_kari,mv_inc,2
fig_krush,mv_inc,2
fig_luxball,mv_inc,4
fig_mayorinc,mv_inc,2
fig_mirage,mv_inc,2
fig_juniorjb,mv_jungle,2
fig_kaa,mv_jungle,2
fig_klouie,mv_jungle,2
fig_luckyvult,mv_jungle,2
fig_kaa,mv_jungle2,2
fig_klouie,mv_jungle2,2
fig_luckyvult,mv_jungle2,2
fig_messua,mv_jungle2,2
fig_mickey,mv_jungle2,3
fig_jock,mv_lattr,2
fig_jock,mv_liki,4
fig_madhat,mv_liki2,4
fig_jmusker,mv_tlmm,3
fig_kermit,mv_tlmm,3
fig_ktrit,mv_tlmm,2
fig_mickey,mv_tlmm,3
fig_melody,mv_tlmm2,2
fig_kanga,mv_mapooh,2
fig_mrnarrator,mv_mapooh,2
fig_jskellington,mv_monster,3
fig_kermit,mv_muppets,2
fig_jskellington,mv_nbchr,2
fig_iridessa,mv_piratefair,2
fig_jamesfairy,mv_piratefair,2
fig_jmusker,mv_tpatf,3
fig_jmusker,mv_tpatf,3
fig_ktrit,mv_tpatf,3
fig_lottie,mv_tpatf,2
fig_louis,mv_tpatf,2
fig_modie,mv_tpatf,2
fig_luke,mv_resc,2
fig_mmemed,mv_resc,2
fig_mrchair,mv_resc,2
fig_jafar,mv_jafar,2
fig_merlin,mv_swits,2
fig_mmemim,mv_swits,2
fig_josecari,mv_thrcab,2
fig_josecari,mv_musketeers,3
fig_minnie,mv_musketeers,2
fig_kanga,mv_tiggermv,2
fig_mickey,mv_tiggermv,4
fig_iridessa,mv_tinkerlnb,2
fig_morgan,mv_tinkerlnb,2
fig_ifpram,mv_toyst,2
fig_jessie,mv_toyst,3
fig_luxball,mv_toyst,4
fig_mdavis,mv_toyst,2
fig_mrpohead,mv_toyst,2
fig_mrsdavis,mv_toyst,2
fig_luxball,mv_toyst2,4
fig_mdavis,mv_toyst2,3
fig_mrpohead,mv_toyst2,2
fig_ken,mv_toyst3,2
fig_lohbear,mv_toyst3,2
fig_luxball,mv_toyst3,4
fig_luxball,mv_toyst3,4
fig_mdavis,mv_toyst3,3
fig_mrpohead,mv_toyst3,2
fig_kbeverly,mv_toyst4,2
fig_luxball,mv_toyst4,4
fig_marg,mv_toyst4,2
fig_mdavis,mv_toyst4,3
fig_mrpohead,mv_toyst4,2
fig_luxball,mv_toystterr,4
fig_luxball,mv_toysttf,4
fig_jmusker,mv_treasurepl,3
fig_kevup,mv_up,2
fig_lohbear,mv_up,4
fig_luxball,mv_up,4
fig_luxball,mv_up,4
fig_mike,mv_walle,4
fig_mccrea,mv_walle,2
fig_hyhippo,mv_whofrrr,2
fig_jimcrick,mv_whofrrr,3
fig_josecari,mv_whofrrr,3
fig_judgedoom,mv_whofrrr,2
fig_lenahy,mv_whofrrr,2
fig_ltsantino,mv_whofrrr,2
fig_marvinac,mv_whofrrr,2
fig_mickey,mv_whofrrr,2
fig_minnie,mv_whofrrr,2
fig_minnie,mv_whofrrr,3
fig_mickey,mv_wir,4
fig_jmusker,wr_jomu,7
fig_judgehopps,mv_zoo,2
fig_mfhook,mv_zoo,4
fig_mickey,mv_zoo,4
fig_moanamov,mv_zoo,4
fig_mrbiglimo,mv_zoo,4
fig_lcatcaf,mv_zoo,4