Von Film,from (ID),zu Mitarbeiter,to (ID),Type
A Bug's Life,mv_abuli,Andrew Stanton,wr_anst,7
A Bug's Life,mv_abuli,Bob Shaw,wr_bosh,7
A Bug's Life,mv_abuli,Darla K. Anderson,pr_daka,8
A Bug's Life,mv_abuli,Donald McEnery,wr_domc,7
A Bug's Life,mv_abuli,Joe Ranft,wr_jora,7
A Bug's Life,mv_abuli,John Lasseter,di_jola,6
A Bug's Life,mv_abuli,John Lasseter,wr_jola,7
A Bug's Life,mv_abuli,Kevin Reher,pr_kere,8
A Goofy Movie,mv_goofy,Brian Pimental,wr_brpi,7
A Goofy Movie,mv_goofy,Chris Matheson,wr_chma,7
A Goofy Movie,mv_goofy,Dan Rounds,pr_daro,8
A Goofy Movie,mv_goofy,Jymn Magon,wr_jyma,7
A Goofy Movie,mv_goofy,Kevin Lima,di_keli,6
Aladdin (2019),mv_alad19,Dan Lin,pr_dali,8
Aladdin (2019),mv_alad19,Guy Ritchie,di_guri,6
Aladdin (2019),mv_alad19,Guy Ritchie,wr_guri,7
Aladdin (2019),mv_alad19,John August,wr_joau,7
Aladdin (2019),mv_alad19,Jonathan Eirich,pr_joei,8
Aladdin (Film),mv_alad,Brian Pimental,wr_brpi,7
Aladdin (Film),mv_alad,Burny Mattinson,wr_buma,7
Aladdin (Film),mv_alad,Chris Sanders,wr_chsa,7
Aladdin (Film),mv_alad,Daan Jippes,wr_daji,7
Aladdin (Film),mv_alad,Darrell Rooney,wr_daro,7
Aladdin (Film),mv_alad,David S. Smith,wr_dass,7
Aladdin (Film),mv_alad,Francis Glebas,wr_frgl,7
Aladdin (Film),mv_alad,James Fujii,wr_jafu,7
Aladdin (Film),mv_alad,John Musker,di_jomu,6
Aladdin (Film),mv_alad,John Musker,pr_jomu,8
Aladdin (Film),mv_alad,John Musker,wr_jomu,7
Aladdin (Film),mv_alad,Kevin Harkey,wr_keha,7
Aladdin (Film),mv_alad,Kevin Lima,wr_keli,7
Aladdin (Film),mv_alad,Kirk Hanson,wr_kiha,7
Aladdin (Film),mv_alad,Larry Leker,wr_lale,7
Aladdin (Film),mv_alad,Patrick A. Ventura,wr_pave,7
Aladdin (Film),mv_alad,Rebecca Rees,wr_rere,7
Aladdin (Film),mv_alad,Roger Allers,wr_roal,7
Aladdin (Film),mv_alad,Ron Clements,di_rocl,6
Aladdin (Film),mv_alad,Ron Clements,pr_rocl,8
Aladdin (Film),mv_alad,Ron Clements,wr_rocl,7
Aladdin (Film),mv_alad,Sue Nicholas,wr_suni,7
Aladdin (Film),mv_alad,Ted Elliott,wr_teel,7
Aladdin (Film),mv_alad,Terry Rossio,wr_tero,7
Aladdin and the King of Thieves,mv_alad2,Jeannine Roussel,pr_jero,8
Aladdin and the King of Thieves,mv_alad2,Mark McCorkle,wr_maco,7
Aladdin and the King of Thieves,mv_alad2,Robert Schooley,wr_rosch,7
Aladdin and the King of Thieves,mv_alad2,Tad Stones,di_tast,6
Aladdin and the King of Thieves,mv_alad2,Tad Stones,pr_tast,8
Alice in Wonderland,mv_alice,Bill Peet,wr_bipe,7
Alice in Wonderland,mv_alice,Clyde Geronimi ,di_clge,6
Alice in Wonderland,mv_alice,Del Connell,wr_deco,7
Alice in Wonderland,mv_alice,Dick Huemer,wr_dihu,7
Alice in Wonderland,mv_alice,Dick Kelsey,wr_dike,7
Alice in Wonderland,mv_alice,Erdman Penner,wr_erpe,7
Alice in Wonderland,mv_alice,Hamilton Luske,di_halu,6
Alice in Wonderland,mv_alice,Joe Grant,wr_jogr,7
Alice in Wonderland,mv_alice,Joe Rinaldi,wr_jori,7
Alice in Wonderland,mv_alice,John Walbridge,wr_jowa,7
Alice in Wonderland,mv_alice,Milt Banta,wr_miba,7
Alice in Wonderland,mv_alice,Ted Sears,wr_tese,7
Alice in Wonderland,mv_alice,Tom Oreb,wr_toor,7
Alice in Wonderland,mv_alice,Walt Disney,pr_wadi,8
Alice in Wonderland,mv_alice,Wilfred Jackson,di_wija,6
Alice in Wonderland,mv_alice,William Cottrell,wr_wico,7
Alice in Wonderland,mv_alice,Winston Hibler,wr_wihi,7
As Told by Emojii,mv_emojii,Gino Guzzardo,di_gigu,6
As Told by Emojii,mv_emojii,Gino Guzzardo,pr_gigu,8
As Told by Emojii,mv_emojii,Jake Monaco,wr_jamo,7
As Told by Emojii,mv_emojii,Matthew Janszen,wr_maja,7
As Told by Emojii,mv_emojii,Phil Balisciano,pr_phba,8
As Told by Emojii,mv_emojii,Randy Jamison,di_raja,6
As Told by Emojii,mv_emojii,Ryan Burns,pr_rybu,8
As Told by Emojii,mv_emojii,Wesley Bender,wr_webe,7
Bambi,mv_bambi,Bill Roberts,di_biro,6
Bambi,mv_bambi,Carl Fallberg,wr_cafa,7
Bambi,mv_bambi,Chuck Couch,wr_chco,7
Bambi,mv_bambi,David Hand,di_daha,6
Bambi,mv_bambi,Graham Heid,di_grhe,6
Bambi,mv_bambi,James Algar,di_jaal,6
Bambi,mv_bambi,Larry Morey,wr_lamo,7
Bambi,mv_bambi,Melvin Shaw,wr_mesh,7
Bambi,mv_bambi,Norman Wright,di_nowr,6
Bambi,mv_bambi,Paul Satterfield,di_pasa,6
Bambi,mv_bambi,Perce Pearce,wr_pepe,7
Bambi,mv_bambi,Ralph Wright,wr_rawr,7
Bambi,mv_bambi,Samuel Armstrong,di_saar,6
Bambi,mv_bambi,Vernon Stallings,wr_vest,7
Bambi,mv_bambi,Walt Disney,pr_wadi,8
Bambi II,mv_bambi6,Alicia Kirk,wr_alki,7
Bambi II,mv_bambi2,Brian Pimental,di_brpi,6
Bambi II,mv_bambi5,Dave Okey,pr_daok,8
Bambi II,mv_bambi4,Jeffrey Moznett,pr_jemo,8
Bambi II,mv_bambi3,Jim Ballantine,pr_jiba,8
Beauty and the Beast,mv_batb,Brenda Chapman,wr_brch,7
Beauty and the Beast,mv_batb,Brian Pimental,wr_brpi,7
Beauty and the Beast,mv_batb,Bruce Woodside,wr_brwo,7
Beauty and the Beast,mv_batb,Burny Mattinson,wr_buma,7
Beauty and the Beast,mv_batb,Chris Sanders,wr_chsa,7
Beauty and the Beast,mv_batb,Don Hahn,pr_doha,8
Beauty and the Beast,mv_batb,Gary Trousdale,di_gatr,6
Beauty and the Beast,mv_batb,Joe Ranft,wr_jora,7
Beauty and the Beast,mv_batb,Kelly Asbury,wr_keas,7
Beauty and the Beast,mv_batb,Kevin Harkey,wr_keha,7
Beauty and the Beast,mv_batb,Kirk Wise,di_kiwi,6
Beauty and the Beast,mv_batb,Linda Woolverton,wr_liwo,7
Beauty and the Beast,mv_batb,Robert Lence,wr_role,7
Beauty and the Beast,mv_batb,Roger Allers,wr_roal,7
Beauty and the Beast,mv_batb,Tom Ellery,wr_toel,7
Bedtime Stories,mv_bedtime,Adam Sandler,pr_adsa,8
Bedtime Stories,mv_bedtime,Adam Shankman,di_adsh,6
Bedtime Stories,mv_bedtime,Andrew Gunn,pr_angu,8
Bedtime Stories,mv_bedtime,Jack Giarraputo,pr_jagi,8
Bedtime Stories,mv_bedtime,Matt Lopez,wr_malo,7
Bedtime Stories,mv_bedtime,Tim Herlihy,wr_tihe,7
Big Hero 6,mv_bh6,Chris Williams,di_chwi,6
Big Hero 6,mv_bh6,Dan Gerson,wr_dage,7
Big Hero 6,mv_bh6,Don Hall,di_doha,6
Big Hero 6,mv_bh6,Jordan Roberts,wr_joro,7
Big Hero 6,mv_bh6,Robert L. Baird,wr_roba,7
Big Hero 6,mv_bh6,Roy Conli,pr_roco,8
Bolt,mv_bolt,Byron Howard,di_byho,6
Bolt,mv_bolt,Chris Williams,di_chwi,6
Bolt,mv_bolt,Chris Williams,wr_chwi,7
Bolt,mv_bolt,Clark Spencer,pr_clsp,8
Bolt,mv_bolt,Dan Fogelman,wr_dafo,7
Brave,mv_brave,Brenda Chapman,di_brch,6
Brave,mv_brave,Brenda Chapman,wr_brch,7
Brave,mv_brave,Irene Mecchi,wr_irme,7
Brave,mv_brave,Katherine Sarafian,pr_kasa,8
Brave,mv_brave,Mark Andrews,di_maan,6
Brave,mv_brave,Mark Andrews,wr_maand,7
Brave,mv_brave,Steve Purcell,wr_stpu,7
Brother Bear,mv_brbear,Aaron Blaise,di_aabl,6
Brother Bear,mv_brbear,Broose Johnson,wr_brjo,7
Brother Bear,mv_brbear,Chuck Williams,pr_chwi,8
Brother Bear,mv_brbear,David Hoselton,wr_daho,7
Brother Bear,mv_brbear,John Norton,wr_jono,7
Brother Bear,mv_brbear,John Puglisi,wr_jopu,7
Brother Bear,mv_brbear,Kevin Deters,wr_kede,7
Brother Bear,mv_brbear,Kevin Harkey,wr_keha,7
Brother Bear,mv_brbear,Lorne Cameron,wr_loca,7
Brother Bear,mv_brbear,Robert Walker,di_rowa,6
Brother Bear,mv_brbear,Ron J. Friedman,wr_rofr,7
Brother Bear,mv_brbear,Steve Bencich,wr_stbe,7
Brother Bear,mv_brbear,Stevie Wermers-Skelton,wr_stwe,7
Brother Bear,mv_brbear,Tab Murphy,wr_tamu,7
Brother Bear,mv_brbear,Thom Enriquez,wr_then,7
Brother Bear,mv_brbear,Woody Woodman,wr_wowo,7
Cars,mv_cars,Dan Fogelman,wr_dafo,7
Cars,mv_cars,Darla K. Anderson,pr_daka,8
Cars,mv_cars,Joe Ranft,di_jora,6
Cars,mv_cars,Joe Ranft,wr_jora,7
Cars,mv_cars,John Lasseter,di_jola,6
Cars,mv_cars,John Lasseter,wr_jola,7
Cars,mv_cars,Jorgen Klubien,wr_jokl,7
Cars,mv_cars,Kiel Murray,wr_kimu,7
Cars,mv_cars,Phil Lorin,wr_phlo,7
Cars2,mv_cars2,Ben Queen,wr_bequ,7
Cars2,mv_cars2,Brad Lewis,di_brle,6
Cars2,mv_cars2,Brad Lewis,wr_brle,7
Cars2,mv_cars2,Dan Fogelman,wr_dafo,7
Cars2,mv_cars2,Denise Ream,pr_dere,8
Cars2,mv_cars2,John Lasseter,di_jola,6
Cars2,mv_cars2,John Lasseter,wr_jola,7
Cars2,mv_cars2,Mark Nielsen,pr_mani,8
Cars3,mv_cars3,Ben Queen,wr_bequ,7
Cars3,mv_cars3,Bob Peterson,wr_bope,7
Cars3,mv_cars3,Brian Fee,di_brfe,6
Cars3,mv_cars3,Brian Fee,wr_brfe,7
Cars3,mv_cars3,Eyal Podell,wr_eypo,7
Cars3,mv_cars3,Jonathon E. Stewart,wr_jost,7
Cars3,mv_cars3,Kevin Reher,pr_kere,8
Cars3,mv_cars3,Kiel Murray,wr_kimu,7
Cars3,mv_cars3,Mike Rich,wr_miri,7
Chicken Little,mv_chlit,Mark Dindal,di_madi,6
Chicken Little,mv_chlit,Mark Dindal,wr_madi,7
Chicken Little,mv_chlit,Mark Kennedy,wr_make,7
Chicken Little,mv_chlit,Randy Fullmer,pr_rafu,8
Chicken Little,mv_chlit,Ron Anderson,wr_roan,7
Chicken Little,mv_chlit,Ron J. Friedman,wr_rofr,7
Chicken Little,mv_chlit,Steve Bencich,wr_stbe,7
Christopher Robin,mv_chrrob,Alex Ross Perry,wr_alrope,7
Christopher Robin,mv_chrrob,Allison Schroeder,wr_alsch,7
Christopher Robin,mv_chrrob,Brigham Taylor,pr_brta,8
Christopher Robin,mv_chrrob,Greg Brooker,wr_grbr,7
Christopher Robin,mv_chrrob,Kristin Burr,pr_krbu,8
Christopher Robin,mv_chrrob,Marc Forster,di_mafo,6
Christopher Robin,mv_chrrob,Mark Steven Johnson,wr_mastjo,7
Christopher Robin,mv_chrrob,Tom McCarthy,wr_toca,7
Cinderella (1950),mv_cind,Bill Peet,wr_bipe,7
Cinderella (1950),mv_cind,Clyde Geronimi,di_clge,6
Cinderella (1950),mv_cind,Erdman Penner,wr_erpe,7
Cinderella (1950),mv_cind,Hamilton Luske,di_halu,6
Cinderella (1950),mv_cind,Harry Reeves,wr_hare,7
Cinderella (1950),mv_cind,Homer Brightman,wr_hobr,7
Cinderella (1950),mv_cind,Joe Rinaldi,wr_jori,7
Cinderella (1950),mv_cind,Ken Anderson,wr_kean,7
Cinderella (1950),mv_cind,Maurice Rapf,wr_mara,7
Cinderella (1950),mv_cind,Perce Pearce,wr_pepe,7
Cinderella (1950),mv_cind,Ted Sears,wr_tese,7
Cinderella (1950),mv_cind,Walt Disney,pr_wadi,8
Cinderella (1950),mv_cind,Wilfred Jackson,di_wija,6
Cinderella (1950),mv_cind,Winston Hibler,wr_wihi,7
Coco,mv_coco,Adrian Molina,wr_admo,7
Coco,mv_coco,Darla K. Anderson,pr_daka,8
Coco,mv_coco,Jason Katz,wr_jaka,7
Coco,mv_coco,Lee Unkrich,di_leun,6
Coco,mv_coco,Lee Unkrich,wr_leun,7
Coco,mv_coco,Matthew Aldrich,wr_maal,7
Donald's Lamp Trade,mv_donlamp,Mike Moon,di_mimo,6
Donald's Lamp Trade,mv_donlamp,Rick Schneider-Calabash,di_rischca,6
Donald's Lamp Trade,mv_donlamp,Roberts Gannaway,di_roga,6
Donald's Lamp Trade,mv_donlamp,Roberts Gannaway,pr_roga,8
Donald's Lamp Trade,mv_donlamp,Roberts Gannaway,wr_roga,7
Donald's Lamp Trade,mv_donlamp,Tony Craig,di_tocr,6
Donald's Lamp Trade,mv_donlamp,Tony Craig,wr_tocr,7
Doug's 1st Movie,mv_doug,Bruce Knapp,pr_brkna,8
Doug's 1st Movie,mv_doug,David Campbell,pr_daca,8
Doug's 1st Movie,mv_doug,Jack Spillum,pr_jasp,8
Doug's 1st Movie,mv_doug,Jim Jinkins,pr_jiji,8
Doug's 1st Movie,mv_doug,Jim Jinkins,wr_jiji,7
Doug's 1st Movie,mv_doug,Ken Scarborough,wr_kesc,7
Doug's 1st Movie,mv_doug,Maurice Joyce,di_majo,6
Doug's 1st Movie,mv_doug,Melanie Grisanti,pr_megr,8
DuckTales: The Movie – Treasure of the Lost Lamp,mv_ducktls,Alan Burnett,wr_albu,7
DuckTales: The Movie – Treasure of the Lost Lamp,mv_ducktls,Bob Hathcock,di_boha,6
DuckTales: The Movie – Treasure of the Lost Lamp,mv_ducktls,Bob Hathcock,pr_boha,8
DuckTales: The Movie – Treasure of the Lost Lamp,mv_ducktls,Jean-Pierre Quenet,pr_hpqu,8
DuckTales: The Movie – Treasure of the Lost Lamp,mv_ducktls,Jymn Magon,wr_jyma,7
Dumbo,mv_dumbo,Ben Sharpsteen,di_besh,6
Dumbo,mv_dumbo,Bill Roberts,di_biro,6
Dumbo,mv_dumbo,Dick Huemer,wr_dihu,7
Dumbo,mv_dumbo,Jack Kinney,di_jaki,6
Dumbo,mv_dumbo,Joe Grant,wr_jogr,7
Dumbo,mv_dumbo,Norman Ferguson,di_nofe,6
Dumbo,mv_dumbo,Otto Englander,wr_oten,7
Dumbo,mv_dumbo,Samuel Armstrong,di_saar,6
Dumbo,mv_dumbo,Walt Disney,pr_wadi,8
Dumbo,mv_dumbo,Wilfred Jackson,di_wija,6
Electric Holiday,mv_elhol,Matthew Teevan,pr_mate,8
Electric Holiday,mv_elhol,Michael Giacchino,wr_migi,7
Fantasia,mv_fant,Ben Sharpsteen,di_besh,6
Fantasia,mv_fant,Ben Sharpsteen,pr_besha,8
Fantasia,mv_fant,Bill Roberts,di_biro,6
Fantasia,mv_fant,David D. Hand,di_daha,6
Fantasia,mv_fant,Dick Huemer,wr_dihu,7
Fantasia,mv_fant,Ford Beebe,di_fobe,6
Fantasia,mv_fant,Hamilton Luske,di_halu,6
Fantasia,mv_fant,James Algar,di_jaal,6
Fantasia,mv_fant,Jim Handley,di_jiha,6
Fantasia,mv_fant,Joe Grant,wr_jogr,7
Fantasia,mv_fant,Norman Ferguson,di_nofe,6
Fantasia,mv_fant,Paul Satterfield,di_pasa,6
Fantasia,mv_fant,Samuel Armstrong,di_saar,6
Fantasia,mv_fant,T. Hee,di_thee,6
Fantasia,mv_fant,Walt Disney,pr_wadi,8
Fantasia,mv_fant,Wilfred Jackson,di_wija,6
Fantasia 2000,mv_fant2,Don Hahn,di_dohahn,6
Fantasia 2000,mv_fant2,Donald W. Ernst,pr_dower,8
Fantasia 2000,mv_fant2,Eric Goldberg,di_ergo,6
Fantasia 2000,mv_fant2,Francis Glebas,di_frcl,6
Fantasia 2000,mv_fant2,Gaetan Brizzi,di_gabri,6
Fantasia 2000,mv_fant2,Hendel Butoy,di_hebu,6
Fantasia 2000,mv_fant2,James Algar,di_jaal,6
Fantasia 2000,mv_fant2,Paul Brizzi,di_pabr,6
Fantasia 2000,mv_fant2,Pixote Hunt,di_pihu,6
Fantasia 2000,mv_fant2,Roy E. Disney,pr_roedi,8
Finding Dory,mv_dory,Andrew Stanton,di_anst,6
Finding Dory,mv_dory,Andrew Stanton,wr_anst,7
Finding Dory,mv_dory,Lindsey Collins,pr_lico,8
Finding Dory,mv_dory,Victoria Strouse,wr_vist,7
Finding Nemo,mv_nemo,Andrew Stanton,di_anst,6
Finding Nemo,mv_nemo,Andrew Stanton,wr_anst,7
Finding Nemo,mv_nemo,Bob Peterson,wr_bope,7
Finding Nemo,mv_nemo,David Reynolds,wr_dare,7
Finding Nemo,mv_nemo,Graham Walters,pr_grwa,8
Flubber,mv_flubber,David Nicksay,pr_dani,8
Flubber,mv_flubber,John Hughes,pr_johu,8
Flubber,mv_flubber,John Hughes,wr_johu,7
Flubber,mv_flubber,Les Mayfield,di_lema,6
Flubber,mv_flubber,Ricardo Mestres,pr_rime,8
Frankenweenie,mv_frween,Allison Abbate,pr_alab,8
Frankenweenie,mv_frween,John August,wr_joau,7
Frankenweenie,mv_frween,Tim Burton,di_tibu,6
Frankenweenie,mv_frween,Tim Burton,pr_tibu,8
Frozen,mv_frozen,Chris Buck,di_chbu,6
Frozen,mv_frozen,Chris Buck,wr_chbu,7
Frozen,mv_frozen,Jennifer Lee,di_jele,6
Frozen,mv_frozen,Jennifer Lee,wr_jele,7
Frozen,mv_frozen,Peter Del Vecho,pr_pedv,8
Frozen,mv_frozen,Shane Morris,wr_shmo,7
Frozen2,mv_frozen2,Allison Schroeder,wr_alsch,7
Frozen2,mv_frozen2,Chris Buck,di_chbu,6
Frozen2,mv_frozen2,Jennifer Lee,di_jele,6
Frozen2,mv_frozen2,Jennifer Lee,wr_jele,7
Frozen2,mv_frozen2,Peter Del Vecho,pr_pedv,8
Fun and Fancy Free,mv_funff,Bill Roberts,di_biro,6
Fun and Fancy Free,mv_funff,Eldon Dedini,wr_elde,7
Fun and Fancy Free,mv_funff,Hamilton Luske,di_halu,6
Fun and Fancy Free,mv_funff,Harry Reeves,wr_hare,7
Fun and Fancy Free,mv_funff,Homer Brightman,wr_hobr,7
Fun and Fancy Free,mv_funff,Jack Kinney,di_jaki,6
Fun and Fancy Free,mv_funff,Lance Nolley,wr_lano,7
Fun and Fancy Free,mv_funff,Sinclair Lewis,wr_sile,7
Fun and Fancy Free,mv_funff,Ted Sears,wr_tese,7
Fun and Fancy Free,mv_funff,Tom Oreb,wr_toor,7
Fun and Fancy Free,mv_funff,Walt Disney,pr_wadi,8
Fun and Fancy Free,mv_funff,William Morgan,di_wimo,6
Gepetto,mv_gepetto,Carlo Collodi,wr_caco,7
Gepetto,mv_gepetto,David I. Stern,wr_dast,7
Gepetto,mv_gepetto,Ted Zachary,pr_teza,8
Gepetto,mv_gepetto,Tom Moore,di_tomo,6
Gigantic,mv_gigantic,Adam Nagata,wr_adna,7
Gigantic,mv_gigantic,Christine Vachon,pr_chva,8
Gigantic,mv_gigantic,Matt Aselton,di_maas,6
Gigantic,mv_gigantic,Matt Aselton,wr_maas,7
Gigantic,mv_gigantic,Mindy Goldberg,pr_migp,8
Guardians of the Galaxy,mv_guards,James Gunn,di_jagu,6
Guardians of the Galaxy,mv_guards,James Gunn,wr_jagu,7
Guardians of the Galaxy,mv_guards,Kevin Feige,pr_kefe,8
Guardians of the Galaxy,mv_guards,Nicole Perlman,wr_nipe,7
Hercules,mv_hercules,Alice Dewey,pr_alde,8
Hercules,mv_hercules,Bob Shaw,wr_bosh,7
Hercules,mv_hercules,Bruce M. Morris,wr_brmo,7
Hercules,mv_hercules,Don Dougherty,wr_dodo,7
Hercules,mv_hercules,Donald McEnery,wr_domc,7
Hercules,mv_hercules,Francis Glebas,wr_frgl,7
Hercules,mv_hercules,Irene Mecchi,wr_irme,7
Hercules,mv_hercules,Jeff Snow,wr_jesn,7
Hercules,mv_hercules,John Musker,di_jomu,6
Hercules,mv_hercules,John Musker,pr_jomu,8
Hercules,mv_hercules,John Musker,wr_jomu,7
Hercules,mv_hercules,John Ramirez,wr_jora,7
Hercules,mv_hercules,Kaan Kalyon,wr_kaka,7
Hercules,mv_hercules,Kelly Wightman,wr_kewi,7
Hercules,mv_hercules,Kirk Hanson,wr_kiha,7
Hercules,mv_hercules,Mark Kennedy,wr_make,7
Hercules,mv_hercules,Randy Cartwright,wr_raca,7
Hercules,mv_hercules,Ron Clements,di_rocl,6
Hercules,mv_hercules,Ron Clements,pr_rocl,8
Hercules,mv_hercules,Ron Clements,wr_rocl,7
Hercules,mv_hercules,Thom Enriquez,wr_then,7
Hercules,mv_hercules,Vance Gerry,wr_vage,7
Hidalgo,mv_hidalgo,Casey Silver,pr_casi,8
Hidalgo,mv_hidalgo,Joe Johnston,di_jojo,6
Hidalgo,mv_hidalgo,John Fusco,wr_jofu,7
Home on the Range,mv_hotr,Alice Dewey Goldstone,pr_aldego,8
Home on the Range,mv_hotr,John Sanford,di_josa,6
Home on the Range,mv_hotr,John Sanford,wr_josa,7
Home on the Range,mv_hotr,Mark Kennedy,wr_make,7
Home on the Range,mv_hotr,Micheal LaBash,wr_mila,7
Home on the Range,mv_hotr,Robert Lence,wr_role,7
Home on the Range,mv_hotr,Sam Levine,wr_sale,7
Home on the Range,mv_hotr,Will Finn,di_wifi,6
Home on the Range,mv_hotr,Will Finn,wr_wifi,7
Inside Out,mv_inout,Jonas Rivera,pr_jori,8
Inside Out,mv_inout,Pete Docter,di_pedo,6
Inside Out,mv_inout,Pete Docter,wr_pedo,7
Inside Out,mv_inout,Ronnie del Carmen,wr_roca,7
Iron Man,mv_ironman,Ari Arad,pr_arar,8
Iron Man,mv_ironman,Art Marcum,wr_arma,7
Iron Man,mv_ironman,Avi Arad,pr_abar,8
Iron Man,mv_ironman,David Maisel,pr_dama,8
Iron Man,mv_ironman,Eric N. Heffron,pr_ernhe,8
Iron Man,mv_ironman,Hawk Ostby,wr_haos,7
Iron Man,mv_ironman,J.J. Abrams,wr_jjab,7
Iron Man,mv_ironman,Jeremy Latcham,pr_jela,8
Iron Man,mv_ironman,John August,wr_joau,7
Iron Man,mv_ironman,Jon Favreau,di_jofa,6
Iron Man,mv_ironman,Jon Favreau,pr_jofa,8
Iron Man,mv_ironman,Kevin Feige,pr_kefe,8
Iron Man,mv_ironman,Louis D'Esposito,pr_lodes,8
Iron Man,mv_ironman,Mark Fergus,wr_mafe,7
Iron Man,mv_ironman,Matt Holloway,wr_maho,7
Iron Man,mv_ironman,Peter Billingsley,pr_pebi,8
Iron Man,mv_ironman,Ross Fanger,pr_rofa,8
Iron Man,mv_ironman,Stan Lee,pr_stle,8
Iron Man,mv_ironman,Ted Hughes,wr_tehu,7
Iron Man,mv_ironman,Victoria Alonso,pr_vial,8
Jack-Jack-Attack,mv_jjatt,Bosco Ng,wr_bong,7
Jack-Jack-Attack,mv_jjatt,Brad Bird,di_brabi,6
Jack-Jack-Attack,mv_jjatt,Brad Bird,wr_brbi,7
Jack-Jack-Attack,mv_jjatt,Kari McKeen,pr_kamc,8
Jack-Jack-Attack,mv_jjatt,Mark Andrews,wr_maand,7
Jack-Jack-Attack,mv_jjatt,Rob Gibbs,wr_rogi,7
Jack-Jack-Attack,mv_jjatt,Teddy Newton,wr_tene,7
James and the giant Peach,mv_jampch,Denise Di Novi,pr_dedn,8
James and the giant Peach,mv_jampch,Henry Selick,di_hese,6
James and the giant Peach,mv_jampch,Jonathan Roberts,wr_joro,7
James and the giant Peach,mv_jampch,Karey Kirkpatrick,wr_kaki,7
James and the giant Peach,mv_jampch,Roald Dahl,wr_roda,7
James and the giant Peach,mv_jampch,Steven Bloom,wr_stbl,7
James and the giant Peach,mv_jampch,Tim Burton,pr_tibu,8
Lady and the Tramp,mv_lattr,Clyde Geronimi,di_clge,6
Lady and the Tramp,mv_lattr,Don DaGradi,wr_doda,7
Lady and the Tramp,mv_lattr,Erdman Penner,wr_erpe,7
Lady and the Tramp,mv_lattr,Hamilton Luske,di_halu,6
Lady and the Tramp,mv_lattr,Joe Grant,wr_jogr,7
Lady and the Tramp,mv_lattr,Joe Rinaldi,wr_jori,7
Lady and the Tramp,mv_lattr,Ralph Wright,wr_rawr,7
Lady and the Tramp,mv_lattr,Walt Disney,pr_wadi,8
Lady and the Tramp,mv_lattr,Wilfred Jackson,di_wija,6
Lilo & Stitch,mv_lands,Chris Sanders,di_chsa,6
Lilo & Stitch,mv_lands,Chris Sanders,wr_chsa,7
Lilo & Stitch,mv_lands,Clark Spencer,pr_clsp,8
Lilo & Stitch,mv_lands,Dean DeBlois,di_dedebl,6
Lilo & Stitch 2,mv_lands2,Alexa Junge,wr_alju,7
Lilo & Stitch 2,mv_lands2,Angi Dyste,pr_andy,8
Lilo & Stitch 2,mv_lands2,Anthony Leondis,di_anle,6
Lilo & Stitch 2,mv_lands2,Anthony Leondis,wr_anle,7
Lilo & Stitch 2,mv_lands2,Chrisie Rosenthal,pr_chro,8
Lilo & Stitch 2,mv_lands2,Christopher Chase,pr_chch,8
Lilo & Stitch 2,mv_lands2,Eddie Guzelian,wr_edgu,7
Lilo & Stitch 2,mv_lands2,Kara Lord,pr_kalo,8
Lilo & Stitch 2,mv_lands2,Michael LaBash,di_milaba,6
Lilo & Stitch 2,mv_lands2,Michael LaBash,wr_mila,7
Looney Tunes,mv_looney,"Charles Martin ""Chuck"" Jones",di_chma,6
Looney Tunes,mv_looney,"Charles Martin ""Chuck"" Jones",pr_chmachjo,8
Looney Tunes,mv_looney,"Charles Martin ""Chuck"" Jones",wr_chmachjo,7
Looney Tunes,mv_looney,"Frederick Bean ""Tex"" Avery",di_fbta,6
Looney Tunes,mv_looney,"Frederick Bean ""Tex"" Avery",pr_frbeteav,8
Looney Tunes,mv_looney,"Frederick Bean ""Tex"" Avery",wr_frbeteav,7
Looney Tunes,mv_looney,"Isadore ""Friz"" Freleng",di_isffre,6
Looney Tunes,mv_looney,"Robert Emerson ""Bob"" Clampett",di_roembicl,6
Looney Tunes,mv_looney,"Robert Porter ""Bob"" McKimson",di_ropobomc,6
Luxo Jr.,mv_luxo,John Lasseter,di_jola,6
Luxo Jr.,mv_luxo,John Lasseter,pr_jola,8
Luxo Jr.,mv_luxo,John Lasseter,wr_jola,7
Luxo Jr.,mv_luxo,William Reeves,pr_wire,8
Make mine Music,mv_mmmus,Cap Palmer,wr_capa,7
Make mine Music,mv_mmmus,Clyde Geronimi,di_clge,6
Make mine Music,mv_mmmus,Dick Huemer,wr_dihu,7
Make mine Music,mv_mmmus,Dick Kelsey,wr_dike,7
Make mine Music,mv_mmmus,Dick Kinney,wr_diki,7
Make mine Music,mv_mmmus,Dick Shaw,wr_dish,7
Make mine Music,mv_mmmus,Erdman Penner,wr_erpe,7
Make mine Music,mv_mmmus,Eric Gurney,wr_ergu,7
Make mine Music,mv_mmmus,Erwin Graham,wr_ergr,7
Make mine Music,mv_mmmus,Hamilton Luske,di_halu,6
Make mine Music,mv_mmmus,Harry Reeves,wr_hare,7
Make mine Music,mv_mmmus,Homer Brightman,wr_hobr,7
Make mine Music,mv_mmmus,Jack Kinney,di_jaki,6
Make mine Music,mv_mmmus,James Bordrero,wr_jabo,7
Make mine Music,mv_mmmus,Jesse Marsh,wr_jema,7
Make mine Music,mv_mmmus,John Walbridge,wr_jowa,7
Make mine Music,mv_mmmus,Joshua Meador,di_jome,6
Make mine Music,mv_mmmus,Robert Cormack,di_roco,6
Make mine Music,mv_mmmus,Roy Williams,wr_rowi,7
Make mine Music,mv_mmmus,Sylvia Holland,wr_syho,7
Make mine Music,mv_mmmus,T. Hee,wr_thee,7
Make mine Music,mv_mmmus,Tom Oreb,wr_toor,7
Make mine Music,mv_mmmus,Walt Disney,pr_wadi,8
Marvel - The Avengers,mv_avengers,Joss Whedon,di_jowh,6
Marvel - The Avengers,mv_avengers,Joss Whedon,wr_jowh,7
Marvel - The Avengers,mv_avengers,Kevin Feige,pr_kefe,8
Marvel - The Avengers,mv_avengers,Zak Penn,wr_zape,7
Meet the Robinsons,mv_mtr,Aurion Redson,wr_aure,7
Meet the Robinsons,mv_mtr,Don Hall,wr_doha,7
Meet the Robinsons,mv_mtr,Dorothy McKim,pr_domc,8
Meet the Robinsons,mv_mtr,Joe Mateo,wr_joma,7
Meet the Robinsons,mv_mtr,Jon A. Bernstein,wr_jobe,7
Meet the Robinsons,mv_mtr,Michelle Spritz,wr_misp,7
Meet the Robinsons,mv_mtr,Nathan Greno,wr_nagr,7
Meet the Robinsons,mv_mtr,Stephen Anderson,di_stan,6
Meet the Robinsons,mv_mtr,Stephen Anderson,wr_stan,7
Meet the Robinsons,mv_mtr,William Joyce,wr_wijo,7
Merry Poppins,mv_merpop,Bill Walsh,pr_biwa,8
Merry Poppins,mv_merpop,Bill Walsh,wr_biwa,7
Merry Poppins,mv_merpop,Don DaGradi,wr_doda,7
Merry Poppins,mv_merpop,Robert Stevenson,di_rost,6
Merry Poppins,mv_merpop,Walt Disney,pr_wadi,8
Mickey's Magical Christmas / House of Mouse,mv_housemouse,Mike Moon,di_mimo,6
Mickey's Magical Christmas / House of Mouse,mv_housemouse,Rick Schneider-Calabash,di_rischca,6
Mickey's Magical Christmas / House of Mouse,mv_housemouse,Rob Renzetti,di_rore,6
Mickey's Magical Christmas / House of Mouse,mv_housemouse,Roberts Gannaway,di_roga,6
Mickey's Magical Christmas / House of Mouse,mv_housemouse,Roberts Gannaway,pr_roga,8
Mickey's Magical Christmas / House of Mouse,mv_housemouse,Tony Craig,di_tocr,6
Mickey's Magical Christmas / House of Mouse,mv_housemouse,Tony Craig,pr_tocr,8
Mickey's Once upon a Christmas,mv_ouach,Alex Mann,di_alma,6
Mickey's Once upon a Christmas,mv_ouach,Alex Mann,wr_alma,7
Mickey's Once upon a Christmas,mv_ouach,Bill Speers,di_bisp,6
Mickey's Once upon a Christmas,mv_ouach,Bradley Raymond,di_brra,6
Mickey's Once upon a Christmas,mv_ouach,Carter Crocker,wr_cacr,7
Mickey's Once upon a Christmas,mv_ouach,Charlie Cohen,wr_chco,7
Mickey's Once upon a Christmas,mv_ouach,Eddie Guzelian,wr_edgu,7
Mickey's Once upon a Christmas,mv_ouach,Jun Falkenstein,di_jufa,6
Mickey's Once upon a Christmas,mv_ouach,Richard Cray,wr_ricr,7
Mickey's Once upon a Christmas,mv_ouach,Scott Gorden,wr_scgo,7
Mickey's Once upon a Christmas,mv_ouach,Sherri Stringfellow,pr_shst,8
Mickey's Once upon a Christmas,mv_ouach,Temple Mathews,wr_tema,7
Mickey's Once upon a Christmas,mv_ouach,Thomas Hart,wr_thha,7
Mickey's Once upon a Christmas,mv_ouach,Toby Shelton,di_tosh,6
Mickey's Once upon a Christmas,mv_ouach,Tom Nance,wr_tona,7
Mickey's Twice upon a Christmas,mv_tuach,Bill Motz,wr_bimo,7
Mickey's Twice upon a Christmas,mv_tuach,Carole Holliday,wr_caho,7
Mickey's Twice upon a Christmas,mv_tuach,Chad Fiveash,wr_chcr,7
Mickey's Twice upon a Christmas,mv_tuach,James Patrick Stoteraux,wr_japast,7
Mickey's Twice upon a Christmas,mv_tuach,Jim Peronto,wr_jipe,7
Mickey's Twice upon a Christmas,mv_tuach,Matthew O'Callaghan,di_maoca,6
Mickey's Twice upon a Christmas,mv_tuach,Matthew O'Callaghan,pr_maoca,8
Mickey's Twice upon a Christmas,mv_tuach,Matthew O'Callaghan,wr_maoca,7
Mickey's Twice upon a Christmas,mv_tuach,Peggy Holmes,wr_peho,7
Moana,mv_moana,Aaron Kandell,wr_aaka,7
Moana,mv_moana,Chris Williams,wr_chwi,7
Moana,mv_moana,Don Hall,wr_doha,7
Moana,mv_moana,Jared Bush,wr_jabu,7
Moana,mv_moana,John Musker,di_jomu,6
Moana,mv_moana,Jordan Kandell,wr_jokan,7
Moana,mv_moana,Osnat Shurer,pr_ossh,8
Moana,mv_moana,Pamela Ribon,wr_pari,7
Moana,mv_moana,Ron Clements,di_rocl,6
Monsters University,mv_monstersuni,Dan Gerson,wr_dage,7
Monsters University,mv_monstersuni,Dan Scanlon,di_dasc,6
Monsters University,mv_monstersuni,Dan Scanlon,wr_dasc,7
Monsters University,mv_monstersuni,Kori Rae,pr_kora,8
Monsters University,mv_monstersuni,Robert L. Baird,wr_roba,7
"Monsters, Inc.",mv_monsters,Andrew Stanton,wr_anst,7
"Monsters, Inc.",mv_monsters,Dan Gerson,wr_dage,7
"Monsters, Inc.",mv_monsters,Darla K. Anderson,pr_daka,8
"Monsters, Inc.",mv_monsters,Jeff Pidgeon,wr_jepi,7
"Monsters, Inc.",mv_monsters,Jill Culton,wr_jicu,7
"Monsters, Inc.",mv_monsters,Pete Docter,di_pedo,6
"Monsters, Inc.",mv_monsters,Pete Docter,wr_pedo,7
"Monsters, Inc.",mv_monsters,Ralph Eggleston,wr_raeg,7
Mulan,mv_mulan,Barry Cook,di_baco,6
Mulan,mv_mulan,Chris Sanders,wr_chsa,7
Mulan,mv_mulan,Eugenia Bostwick-Singer,wr_eubosi,7
Mulan,mv_mulan,Pam Coats,pr_paco,8
Mulan,mv_mulan,Philip LaZebnik,wr_phla,7
Mulan,mv_mulan,Raymond Singer,wr_rasi,7
Mulan,mv_mulan,Rita Hsiao,wr_rihs,7
Mulan,mv_mulan,Robert D. San Souci,wr_rodsaso,7
Mulan,mv_mulan,Tony Bancroft,di_toba,6
Nightmare before Christmas,mv_nbchr,Caroline Thompson,wr_cath,7
Nightmare before Christmas,mv_nbchr,Denise Di Novi,pr_dedn,8
Nightmare before Christmas,mv_nbchr,Henry Selick,di_hese,6
Nightmare before Christmas,mv_nbchr,Michael McDowell,wr_mido,7
Nightmare before Christmas,mv_nbchr,Tim Burton,pr_tibu,8
Nightmare before Christmas,mv_nbchr,Tim Burton,wr_tibu,7
Oliver and Company,mv_olicomp,Chris Bailey,wr_chba,7
Oliver and Company,mv_olicomp,Dave Michener,wr_dami,7
Oliver and Company,mv_olicomp,Gary Trousdale,wr_gatr,7
Oliver and Company,mv_olicomp,George Scribner,di_gesc,6
Oliver and Company,mv_olicomp,James Mangold,wr_jama,7
Oliver and Company,mv_olicomp,Jim Cox,wr_jico,7
Oliver and Company,mv_olicomp,Jim Mitchell,wr_jimi,7
Oliver and Company,mv_olicomp,Joe Ranft,wr_jora,7
Oliver and Company,mv_olicomp,Kathleen Gavin,pr_kaga,8
Oliver and Company,mv_olicomp,Kevin Lima,wr_keli,7
Oliver and Company,mv_olicomp,Kirk Wise,wr_kiwi,7
Oliver and Company,mv_olicomp,Leon Joosen,wr_lejo,7
Oliver and Company,mv_olicomp,Michael Cedeno,wr_mice,7
Oliver and Company,mv_olicomp,Mike Gabriel,wr_miga,7
Oliver and Company,mv_olicomp,Pete Young,wr_peyo,7
Oliver and Company,mv_olicomp,Roger Allers,wr_roal,7
Oliver and Company,mv_olicomp,Tim Disney,wr_tidi,7
Oliver and Company,mv_olicomp,Vance Gerry,wr_vage,7
One Hundred and One Dalmatians (61),mv_101dal65,Bill Peet,wr_bipe,7
One Hundred and One Dalmatians (61),mv_101dal63,Clyde Geronimi,di_clge,6
One Hundred and One Dalmatians (61),mv_101dal62,Hamilton Luske,di_halu,6
One Hundred and One Dalmatians (61),mv_101dal64,Walt Disney,pr_wadi,8
One Hundred and One Dalmatians (61),mv_101dal61,Wolfgang Reitherman,pr_wore,6
One Hundred And One Dalmatians (96),mv_101dal97,John Hughes,pr_johu,8
One Hundred And One Dalmatians (96),mv_101dal98,Ricardo Mestres,pr_rime,8
One Hundred And One Dalmatians (96),mv_101dal96,Stephen Herek,di_sthe,6
One Hundred And One Dalmatians (96),mv_101dal99,Trudy Ship,wr_trsh,7
Oswald the Lucky Rabbit,mv_oswald,Charles Mintz,di_chmi,6
Oswald the Lucky Rabbit,mv_oswald,Charles Mintz,pr_chmi,8
Oswald the Lucky Rabbit,mv_oswald,George Winkler,pr_gewi,8
Oswald the Lucky Rabbit,mv_oswald,Ub Iwerks,wr_ubiw,7
Oswald the Lucky Rabbit,mv_oswald,Walt Disney,wr_wadi,7
Paperman,mv_paperman,John Kahrs,di_joka,6
Paperman,mv_paperman,John Kahrs,wr_joka,7
Paperman,mv_paperman,John Lasseter,pr_jola,8
Paperman,mv_paperman,Kristina Reed,pr_krre,8
Peter Pan,mv_ppan,Bill Peet,wr_bipe,7
Peter Pan,mv_ppan,Clyde Geronimi,di_clge,6
Peter Pan,mv_ppan,Erdman Penner,wr_erpe,7
Peter Pan,mv_ppan,Hamilton Luske,di_halu,6
Peter Pan,mv_ppan,Joe Rinaldi,wr_jori,7
Peter Pan,mv_ppan,Milt Banta,wr_miba,7
Peter Pan,mv_ppan,Ralph Wright,wr_rawr,7
Peter Pan,mv_ppan,Ted Sears,wr_tese,7
Peter Pan,mv_ppan,Walt Disney,pr_wadi,8
Peter Pan,mv_ppan,Wilfred Jackson,di_wija,6
Peter Pan,mv_ppan,William Cottrell,wr_wico,7
Peter Pan,mv_ppan,Winston Hibler,wr_wihi,7
Piglet's Big Movie,mv_pigbm,A.A. Milne,wr_aami,7
Piglet's Big Movie,mv_pigbm,Brian Hohlfeld,wr_brho,7
Piglet's Big Movie,mv_pigbm,Francis Glebas,di_frcl,6
Piglet's Big Movie,mv_pigbm,Michelle Pappalardo-Robinson,pr_mipr,8
Pinocchio,mv_pinocchio,Aurelius Battaglia,wr_auba,7
Pinocchio,mv_pinocchio,Ben Sharpsteen,di_besh,6
Pinocchio,mv_pinocchio,Bill Roberts,di_biro,6
Pinocchio,mv_pinocchio,Erdman Penner,wr_erpe,7
Pinocchio,mv_pinocchio,Hamilton Luske,di_halu,6
Pinocchio,mv_pinocchio,Jack Kinney,di_jaki,6
Pinocchio,mv_pinocchio,Joseph Sabo,wr_josa,7
Pinocchio,mv_pinocchio,Norman Ferguson,di_nofe,6
Pinocchio,mv_pinocchio,Otto Englander,wr_oten,7
Pinocchio,mv_pinocchio,T. Hee,di_thee,6
Pinocchio,mv_pinocchio,Ted Sears,wr_tese,7
Pinocchio,mv_pinocchio,Walt Disney,pr_wadi,8
Pinocchio,mv_pinocchio,Webb Smith,wr_wesm,7
Pinocchio,mv_pinocchio,Wilfred Jackson,di_wija,6
Pinocchio,mv_pinocchio,William Cottrell,wr_wico,7
Planes,mv_planes,Jeffrey M. Howard,wr_jeho,7
Planes,mv_planes,John Lasseter,wr_jola,7
Planes,mv_planes,Klay Hall,di_klha,6
Planes,mv_planes,Klay Hall,pr_klha,8
Planes,mv_planes,Klay Hall,wr_klha,7
Planes: Fire & Rescue,mv_planefr,Bobs Gannaway,di_boga,6
Planes: Fire & Rescue,mv_planefr,Bobs Gannaway,pr_boga,8
Planes: Fire & Rescue,mv_planefr,Bobs Gannaway,wr_boga,7
Planes: Fire & Rescue,mv_planefr,Jeffrey M. Howard,wr_jeho,7
Pocahontas,mv_poca,Bruce Morris,wr_brmo,7
Pocahontas,mv_poca,Burny Mattinson,wr_buma,7
Pocahontas,mv_poca,Carl Binder,wr_cabi,7
Pocahontas,mv_poca,Chris Buck,wr_chbu,7
Pocahontas,mv_poca,Duncan Marjoribanks,wr_duma,7
Pocahontas,mv_poca,Ed Gombert,wr_edgo,7
Pocahontas,mv_poca,Eric Goldberg,di_ergo,6
Pocahontas,mv_poca,Francis Glebas,wr_frgl,7
Pocahontas,mv_poca,Glen Keane,wr_glke,7
Pocahontas,mv_poca,Jim Pentecost,pr_jipe,8
Pocahontas,mv_poca,Joe Grant,wr_jogr,7
Pocahontas,mv_poca,Kaan Kalyon,wr_kaka,7
Pocahontas,mv_poca,Mike Gabriel,di_miga,6
Pocahontas,mv_poca,Philip LaZebnik,wr_phla,7
Pocahontas,mv_poca,Ralph Zondag,wr_razo,7
Pocahontas,mv_poca,Robert Gibbs,wr_rogi,7
Pocahontas,mv_poca,Susannah Grant,wr_sugr,7
Pocahontas,mv_poca,Todd Kurosawa,wr_toku,7
Pooh’s Heffalump Movie,mv_heffalump,A. A. Milne,wr_aami,7
Pooh’s Heffalump Movie,mv_heffalump,Brian Hohlfeld,wr_brho,7
Pooh’s Heffalump Movie,mv_heffalump,Evan Spiliotopoulos,wr_evsp,7
Pooh’s Heffalump Movie,mv_heffalump,Frank Nissen,di_frni,6
Pooh’s Heffalump Movie,mv_heffalump,Jessica Koplos-Miller,pr_jekm,8
Presto,mv_presto,Doug Sweetland,di_dosw,6
Raider of the Lost Ark,mv_indy,Frank Marshall,pr_frma,8
Raider of the Lost Ark,mv_indy,George Lucas,pr_gelu,8
Raider of the Lost Ark,mv_indy,George Lucas,wr_gelu,7
Raider of the Lost Ark,mv_indy,Howard Kazanjian,pr_hoka,8
Raider of the Lost Ark,mv_indy,Lawrence Kasdan,wr_laka,7
Raider of the Lost Ark,mv_indy,Philip Kaufman,wr_phka,7
Raider of the Lost Ark,mv_indy,Steven Spielberg,di_stsp,6
Ralph Breaks the Internet,mv_ralphbrk,Clark Spencer,pr_clsp,8
Ralph Breaks the Internet,mv_ralphbrk,Jim Reardon,wr_jire,7
Ralph Breaks the Internet,mv_ralphbrk,Josie Trinidad,wr_jotr,7
Ralph Breaks the Internet,mv_ralphbrk,Pamela Ribon,wr_pari,7
Ralph Breaks the Internet,mv_ralphbrk,Phil Johnston,di_phjo,6
Ralph Breaks the Internet,mv_ralphbrk,Phil Johnston,wr_phjo,7
Ralph Breaks the Internet,mv_ralphbrk,Rich Moore,di_rimo,6
Ralph Breaks the Internet,mv_ralphbrk,Rich Moore,wr_rimo,7
Ratatouille,mv_ratatou,Brad Bird,di_brabi,6
Ratatouille,mv_ratatou,Brad Bird,wr_brbi,7
Ratatouille,mv_ratatou,Brad Lewis,pr_brle,8
Ratatouille,mv_ratatou,Jan Pinkava,wr_japi,7
Ratatouille,mv_ratatou,Jim Capobianco,wr_jica,7
Recess: School's Out,mv_recess,Chuck Sheetz,di_chsh,6
Recess: School's Out,mv_recess,Joe Ansolabehere,pr_joan,8
Recess: School's Out,mv_recess,Joe Ansolabehere,wr_joan,7
Recess: School's Out,mv_recess,Jonathan Greenberg,wr_jogr,7
Recess: School's Out,mv_recess,Paul Germain,pr_page,8
Recess: School's Out,mv_recess,Paul Germain,wr_page,7
Recess: School's Out,mv_recess,Stephen Swofford,pr_stsw,8
Recess: School's Out,mv_recess,Toshio Suzuki,pr_tosu,8
Red's Dream,mv_redsdr,John Lasseter,di_jola,6
Red's Dream,mv_redsdr,John Lasseter,pr_jola,8
Red's Dream,mv_redsdr,John Lasseter,wr_jola,7
Red's Dream,mv_redsdr,Karen Dufilho-Rosen,pr_kaduro,8
Return to Never Land,mv_rtneverl,Christopher Chase,pr_chch,8
Return to Never Land,mv_rtneverl,Dan Rounds,pr_daro,8
Return to Never Land,mv_rtneverl,J. M. Barrie,wr_jmba,7
Return to Never Land,mv_rtneverl,Michelle Pappalardo-Robinson,pr_mipr,8
Return to Never Land,mv_rtneverl,Robin Budd,di_robu,6
Return to Never Land,mv_rtneverl,Temple Mathews,wr_tema,7
Robin Hood,mv_rhood,Ken Anderson,wr_kean,7
Robin Hood,mv_rhood,Larry Clemmons,wr_lacl,7
Robin Hood,mv_rhood,Wolfgang Reitherman,pr_wore,6
Robin Hood,mv_rhood,Wolfgang Reitherman,pr_wore,8
Saludos Amigos,mv_salam,Bill Roberts,di_biro,6
Saludos Amigos,mv_salam,Hamilton Luske,di_halu,6
Saludos Amigos,mv_salam,Harold Reeves,wr_hare,7
Saludos Amigos,mv_salam,Homer Brightman,wr_hobr,7
Saludos Amigos,mv_salam,Jack Kinney,di_jaki,6
Saludos Amigos,mv_salam,Joe Grant,wr_jogr,7
Saludos Amigos,mv_salam,Norman Ferguson,di_nofe,6
Saludos Amigos,mv_salam,Ralph Wright,wr_rawr,7
Saludos Amigos,mv_salam,Richard Huemer,wr_rihu,7
Saludos Amigos,mv_salam,Roy Williams,wr_rowi,7
Saludos Amigos,mv_salam,Ted Sears,wr_tese,7
Saludos Amigos,mv_salam,Walt Disney,pr_wadi,8
Saludos Amigos,mv_salam,Webb Smith,wr_wesm,7
Saludos Amigos,mv_salam,Wilfred Jackson,di_wija,6
Saludos Amigos,mv_salam,William Cottrell,wr_wico,7
Secret of the Wings,mv_secotw,Bobs Gannaway,wr_boga,7
Secret of the Wings,mv_secotw,Peggy Holmes,di_peho,6
Secret of the Wings,mv_secotw,Peggy Holmes,pr_peho,8
Secret of the Wings,mv_secotw,Peggy Holmes,wr_peho,7
Secret of the Wings,mv_secotw,Ryan Rowe,wr_ryro,7
Secret of the Wings,mv_secotw,Tom Rogers,wr_toro,7
Simpsons,mv_simpsons,Matt Groening,wr_magr,7
Simpsons,mv_simpsons,Michael Mendel,pr_mime,8
Sleeping Beauty,mv_tsby,Bill Peet,wr_bipe,7
Sleeping Beauty,mv_tsby,Clyde Geronimi,di_clge,6
Sleeping Beauty,mv_tsby,Erdman Penner,wr_erpe,7
Sleeping Beauty,mv_tsby,Eric Larson,di_erla,6
Sleeping Beauty,mv_tsby,Joe Rinaldi,wr_jori,7
Sleeping Beauty,mv_tsby,Les Clark,di_lecl,6
Sleeping Beauty,mv_tsby,Milt Banta,wr_miba,7
Sleeping Beauty,mv_tsby,Ralph Wright,wr_rawr,7
Sleeping Beauty,mv_tsby,Ted Sears,wr_tese,7
Sleeping Beauty,mv_tsby,Walt Disney,pr_wadi,8
Sleeping Beauty,mv_tsby,Winston Hibler,wr_wihi,7
Sleeping Beauty,mv_tsby,Wolfgang Reitherman,pr_wore,6
Snow White and the Seven Dwarfs,mv_snow,Ben Sharpsteen,di_besh,6
Snow White and the Seven Dwarfs,mv_snow,David Hand,di_daha,6
Snow White and the Seven Dwarfs,mv_snow,Dick Rickard,wr_diri,7
Snow White and the Seven Dwarfs,mv_snow,Dorothy Ann Blank,wr_dobl,7
Snow White and the Seven Dwarfs,mv_snow,Earl Hurd,wr_eahu,7
Snow White and the Seven Dwarfs,mv_snow,Larry Morey,di_lamo,6
Snow White and the Seven Dwarfs,mv_snow,Merrill De Maris,wr_mema,7
Snow White and the Seven Dwarfs,mv_snow,Otto Englander,wr_oten,7
Snow White and the Seven Dwarfs,mv_snow,Perce Pearce,di_pepe,6
Snow White and the Seven Dwarfs,mv_snow,Richard Creedon,wr_ricr,7
Snow White and the Seven Dwarfs,mv_snow,Ted Sears,wr_tese,7
Snow White and the Seven Dwarfs,mv_snow,Walt Disney,pr_wadi,8
Snow White and the Seven Dwarfs,mv_snow,Webb Smith,wr_wesm,7
Snow White and the Seven Dwarfs,mv_snow,Wilfred Jackson,di_wija,6
Snow White and the Seven Dwarfs,mv_snow,William Cottrell,di_wico,6
Sofia the First,mv_sofia,Craig Gerber,wr_crge,7
Sofia the First,mv_sofia,Jamie Mitchell,di_jami,6
Sofia the First,mv_sofia,Jamie Mitchell,pr_jami,8
Star Wars,mv_starwars,George Lucas,di_gelu,6
Star Wars,mv_starwars,George Lucas,pr_gelu,8
Star Wars,mv_starwars,George Lucas,wr_gelu,7
Steamboat Willie,mv_stbtwl,Ub Iwerks,di_ubiw,6
Steamboat Willie,mv_stbtwl,Ub Iwerks,wr_ubiw,7
Steamboat Willie,mv_stbtwl,Walt Disney,pr_wadi,8
Steamboat Willie,mv_stbtwl,Walt Disney,wr_wadi,7
Stitch! The Movie,mv_stitch,Bobs Gannaway,di_boga,6
Stitch! The Movie,mv_stitch,Bobs Gannaway,pr_boga,8
Stitch! The Movie,mv_stitch,Bobs Gannaway,wr_boga,7
Stitch! The Movie,mv_stitch,Jess Winfield,pr_jewi,8
Stitch! The Movie,mv_stitch,Jess Winfield,wr_jewi,7
Stitch! The Movie,mv_stitch,Tony Craig,di_tocr,6
Stitch! The Movie,mv_stitch,Tony Craig,pr_tocr,8
Tangled,mv_tang,Byron Howard,di_byho,6
Tangled,mv_tang,Dan Fogelman,wr_dafo,7
Tangled,mv_tang,Nathan Greno,di_nagr,6
Tangled,mv_tang,Roy Conli,pr_roco,8
Tarzan,mv_tarzan,Bob Tzudiker,wr_botzu,7
Tarzan,mv_tarzan,Bonnie Arnold,pr_boar,8
Tarzan,mv_tarzan,Chris Buck,di_chbu,6
Tarzan,mv_tarzan,Kevin Lima,di_keli,6
Tarzan,mv_tarzan,Noni White,wr_nowh,7
Tarzan,mv_tarzan,Tab Murphy,wr_tamu,7
Teacher’s Pet,mv_teapet,Bill Steinkellner,wr_bist,7
Teacher’s Pet,mv_teapet,Cheri Steinkellner,wr_chst,7
Teacher’s Pet,mv_teapet,George Seaton,pr_gese,8
Teacher’s Pet,mv_teapet,Timothy Björklund,di_tibj,6
The Adventures of Ichabod and Mr. Toad,mv_ichtoad,Clyde Geronimi,di_clge,6
The Adventures of Ichabod and Mr. Toad,mv_ichtoad,Erdman Penner,wr_erpe,7
The Adventures of Ichabod and Mr. Toad,mv_ichtoad,Harry Reeves,wr_hare,7
The Adventures of Ichabod and Mr. Toad,mv_ichtoad,Homer Brightman,wr_hobr,7
The Adventures of Ichabod and Mr. Toad,mv_ichtoad,Jack Kinney,di_jaki,6
The Adventures of Ichabod and Mr. Toad,mv_ichtoad,James Algar,di_jaal,6
The Adventures of Ichabod and Mr. Toad,mv_ichtoad,Joe Rinaldi,wr_jori,7
The Adventures of Ichabod and Mr. Toad,mv_ichtoad,Ted Sears,wr_tese,7
The Adventures of Ichabod and Mr. Toad,mv_ichtoad,Walt Disney,pr_wadi,8
The Adventures of Ichabod and Mr. Toad,mv_ichtoad,Winston Hibler,wr_wihi,7
The Aristocats,mv_aristo,Eric Cleworth,wr_ercl,7
The Aristocats,mv_aristo,Frank Thomas,wr_frth,7
The Aristocats,mv_aristo,Julius Svendsen,wr_jusv,7
The Aristocats,mv_aristo,Ken Anderson,wr_kean,7
The Aristocats,mv_aristo,Larry Clemmons,wr_lacl,7
The Aristocats,mv_aristo,Ralph Wright,wr_rawr,7
The Aristocats,mv_aristo,Tom McGowan,wr_togo,7
The Aristocats,mv_aristo,Tom Rowe,wr_torow,7
The Aristocats,mv_aristo,Vance Gerry,wr_vage,7
The Aristocats,mv_aristo,Winston Hibler,pr_wihi,8
The Aristocats,mv_aristo,Wolfgang Reitherman,pr_wore,6
The Aristocats,mv_aristo,Wolfgang Reitherman,pr_wore,8
The Black Cauldron,mv_blcaul,Al Wilson,wr_alwi,7
The Black Cauldron,mv_blcaul,Art Stevens,wr_arst,7
The Black Cauldron,mv_blcaul,David Jonas,wr_dajo,7
The Black Cauldron,mv_blcaul,Joe Hale,pr_joha,8
The Black Cauldron,mv_blcaul,Joe Hale,wr_joha,7
The Black Cauldron,mv_blcaul,Peter Young,wr_peyo,7
The Black Cauldron,mv_blcaul,Richard Rich,di_riri,6
The Black Cauldron,mv_blcaul,Richard Rich,wr_riri,7
The Black Cauldron,mv_blcaul,Ron Miller,pr_romi,8
The Black Cauldron,mv_blcaul,Roy Morita,wr_romo,7
The Black Cauldron,mv_blcaul,Ted Berman,di_tebe,6
The Black Cauldron,mv_blcaul,Ted Berman,wr_tebe,7
The Black Cauldron,mv_blcaul,Vance Gerry,wr_vage,7
The Breave little Toaster,mv_toaster,Donald Kushner,pr_doku,8
The Breave little Toaster,mv_toaster,Jerry Rees,di_jere,6
The Breave little Toaster,mv_toaster,Thomas L. Wilhite,pr_thlwi,8
The Breave little Toaster,mv_toaster,Thomas M. Disch,wr_thmdi,7
The Country Bears,mv_cbears,Andrew Gunn,pr_angu,8
The Country Bears,mv_cbears,Jeffrey Chernov,pr_jech,8
The Country Bears,mv_cbears,Mark Perez,wr_mape,7
The Country Bears,mv_cbears,Peter Hastings,di_peha,6
The Fox and the Hound,mv_foxho,Art Stevens,di_arst,6
The Fox and the Hound,mv_foxho,Art Stevens,pr_arst,8
The Fox and the Hound,mv_foxho,Burny Mattinson,wr_buma,7
The Fox and the Hound,mv_foxho,David Michener,wr_dami,7
The Fox and the Hound,mv_foxho,Earl Kress,wr_eakr,7
The Fox and the Hound,mv_foxho,Larry Clemmons,wr_lacl,7
The Fox and the Hound,mv_foxho,Peter Young,wr_peyo,7
The Fox and the Hound,mv_foxho,Richard Rich,di_riri,6
The Fox and the Hound,mv_foxho,Ron Miller,pr_romi,8
The Fox and the Hound,mv_foxho,Steve Hulett,wr_sthu,7
The Fox and the Hound,mv_foxho,Ted Berman,di_tebe,6
The Fox and the Hound,mv_foxho,Ted Berman,wr_tebe,7
The Fox and the Hound,mv_foxho,Vance Gerry,wr_vage,7
The Fox and the Hound,mv_foxho,Wolfgang Reitherman,pr_wore,8
The Good Dinosaur,mv_tgoodi,Bob Peterson,wr_bope,7
The Good Dinosaur,mv_tgoodi,Denise Ream,pr_dere,8
The Good Dinosaur,mv_tgoodi,Erik Benson,wr_erbe,7
The Good Dinosaur,mv_tgoodi,Kelsey Mann,wr_kema,7
The Good Dinosaur,mv_tgoodi,Meg LeFauve,wr_mefa,7
The Good Dinosaur,mv_tgoodi,Meg LeFauve,wr_mefa,7
The Good Dinosaur,mv_tgoodi,Peter Sohn,di_peso,6
The Good Dinosaur,mv_tgoodi,Peter Sohn,wr_peso,7
The Great Mouse Detective,mv_tgmouse,Bruce Morris,wr_brmo,7
The Great Mouse Detective,mv_tgmouse,Burny Mattinson,di_buma,6
The Great Mouse Detective,mv_tgmouse,Burny Mattinson,pr_buma,8
The Great Mouse Detective,mv_tgmouse,Burny Mattinson,wr_buma,7
The Great Mouse Detective,mv_tgmouse,Dave Michener,di_dami,6
The Great Mouse Detective,mv_tgmouse,Dave Michener,wr_dami,7
The Great Mouse Detective,mv_tgmouse,John Musker,di_jomu,6
The Great Mouse Detective,mv_tgmouse,John Musker,wr_jomu,7
The Great Mouse Detective,mv_tgmouse,Matthew O'Callaghan,wr_maoca,7
The Great Mouse Detective,mv_tgmouse,Mel Shaw,wr_mesh,7
The Great Mouse Detective,mv_tgmouse,Pete Young,wr_peyo,7
The Great Mouse Detective,mv_tgmouse,Ron Clements,di_rocl,6
The Great Mouse Detective,mv_tgmouse,Ron Clements,wr_rocl,7
The Great Mouse Detective,mv_tgmouse,Steve Hulett,wr_sthu,7
The Great Mouse Detective,mv_tgmouse,Vance Gerry,wr_vage,7
The Hunchback of Notre Dame,mv_hbnd,Don Hahn,pr_doha,8
The Hunchback of Notre Dame,mv_hbnd,Gary Trousdale,di_gatr,6
The Hunchback of Notre Dame,mv_hbnd,Kirk Wise,di_kiwi,6
The Hunchback of Notre Dame,mv_hbnd,Tab Murphy,wr_tamu,7
The Incredibles,mv_inc,Brad Bird,di_brabi,6
The Incredibles,mv_inc,Brad Bird,wr_brbi,7
The Incredibles,mv_inc,John Walker,pr_jowa,8
The Incredibles 2,mv_inc2,Brad Bird,di_brabi,6
The Incredibles 2,mv_inc2,Brad Bird,wr_brbi,7
The Incredibles 2,mv_inc2,John Walker,pr_jowa,8
The Incredibles 2,mv_inc2,Nicole Paradis Grindle,pr_nipg,8
The Iron Giant,mv_irongiant,Allison Abbate,pr_alab,8
The Iron Giant,mv_irongiant,Brad Bird,di_brabi,6
The Iron Giant,mv_irongiant,Brad Bird,wr_brbi,7
The Iron Giant,mv_irongiant,Des McAnuff,pr_demc,8
The Iron Giant,mv_irongiant,John Walker,pr_jowa,8
The Iron Giant,mv_irongiant,Pete Townshend,pr_peto,8
The Iron Giant,mv_irongiant,Ted Hughes,wr_tehu,7
The Jungle Book,mv_jungle,Bill Peet,wr_bipe,7
The Jungle Book,mv_jungle,Floyd Norman,wr_flno,7
The Jungle Book,mv_jungle,Ken Anderson,wr_kean,7
The Jungle Book,mv_jungle,Larry Clemmons,wr_lacl,7
The Jungle Book,mv_jungle,Ralph Wright,wr_rawr,7
The Jungle Book,mv_jungle,Vance Gerry,wr_vage,7
The Jungle Book,mv_jungle,Walt Disney,pr_wadi,8
The Jungle Book,mv_jungle,Wolfgang Reitherman,pr_wore,6
The Jungle Book 2,mv_jungle2,Christopher Chase,pr_chch,8
The Jungle Book 2,mv_jungle2,Evan Spiliotopoulos,wr_evsp,7
The Jungle Book 2,mv_jungle2,Karl Geurs,wr_kage,7
The Jungle Book 2,mv_jungle2,Mary Thorne,pr_math,8
The Jungle Book 2,mv_jungle2,Steve Trenbirth,di_sttr,6
The Lion King,mv_liki,Andy Gaskill,wr_anga,7
The Lion King,mv_liki,Barry Johnson,wr_bajo,7
The Lion King,mv_liki,Burny Mattinson,wr_buma,7
The Lion King,mv_liki,Chris Sanders,wr_chsa,7
The Lion King,mv_liki,Don Hahn,pr_doha,8
The Lion King,mv_liki,Ed Gombert,wr_edgo,7
The Lion King,mv_liki,Francis Glebas,wr_frgl,7
The Lion King,mv_liki,Gary Trousdale,wr_gatr,7
The Lion King,mv_liki,Jim Capobianco,wr_jica,7
The Lion King,mv_liki,Joe Ranft,wr_jora,7
The Lion King,mv_liki,Jorgen Klubien,wr_jokl,7
The Lion King,mv_liki,Kevin Harkey,wr_keha,7
The Lion King,mv_liki,Larry Leker,wr_lale,7
The Lion King,mv_liki,Lorna Cook,wr_loco,7
The Lion King,mv_liki,Mark Kausler,wr_maka,7
The Lion King,mv_liki,Rick Maki,wr_rima,7
The Lion King,mv_liki,Rob Minkoff,di_romi,6
The Lion King,mv_liki,Roger Allers,di_roal,6
The Lion King,mv_liki,Thom Enriquez,wr_then,7
The Lion King,mv_liki,Tom Sito,wr_tosi,7
The Lion King 1/1/2,mv_liki2,Bradley Raymond,di_brra,6
The Lion King 1/1/2,mv_liki2,George A. Mendoza,pr_geame,8
The Lion King 1/1/2,mv_liki2,Tom Rogers,wr_toro,7
The Little Mermaid,mv_tlmm,Howard Ashman,pr_hoas,8
The Little Mermaid,mv_tlmm,John Musker,di_jomu,6
The Little Mermaid,mv_tlmm,John Musker,pr_jomu,8
The Little Mermaid,mv_tlmm,John Musker,wr_jomu,7
The Little Mermaid,mv_tlmm,Ron Clements,di_rocl,6
The Little Mermaid,mv_tlmm,Ron Clements,wr_rocl,7
The little Mermaid II,mv_tlmm2,Brian Smith,di_brsm,6
The little Mermaid II,mv_tlmm2,David K. Lovegren,pr_daklo,8
The little Mermaid II,mv_tlmm2,Eddie Guzelian,wr_edgu,7
The little Mermaid II,mv_tlmm2,Elise D'Haene,wr_eldha,7
The little Mermaid II,mv_tlmm2,Elizabeth Anderson,wr_elan,7
The little Mermaid II,mv_tlmm2,Jim Kammerud,di_jika,6
The little Mermaid II,mv_tlmm2,Leslie Hough,pr_leho,8
The little Mermaid II,mv_tlmm2,Temple Mathews,wr_tema,7
The many Adventures of Winnie the Pooh,mv_mapooh,Eric Cleworth,wr_ercl,7
The many Adventures of Winnie the Pooh,mv_mapooh,John Lounsbery,di_jolo,6
The many Adventures of Winnie the Pooh,mv_mapooh,Julius Svendsen,wr_jusv,7
The many Adventures of Winnie the Pooh,mv_mapooh,Ken Anderson,wr_kean,7
The many Adventures of Winnie the Pooh,mv_mapooh,Larry Clemmons,wr_lacl,7
The many Adventures of Winnie the Pooh,mv_mapooh,Ralph Wright,wr_rawr,7
The many Adventures of Winnie the Pooh,mv_mapooh,Ted Berman,wr_tebe,7
The many Adventures of Winnie the Pooh,mv_mapooh,Vance Gerry,wr_vage,7
The many Adventures of Winnie the Pooh,mv_mapooh,Wolfgang Reitherman,pr_wore,6
The many Adventures of Winnie the Pooh,mv_mapooh,Wolfgang Reitherman,pr_wore,8
The many Adventures of Winnie the Pooh,mv_mapooh,Xavier Atencio,wr_xaat,7
The Monster of Phineas-n-Ferbenstein,mv_monster,Jon Colton Barry,wr_jocoba,7
The Monster of Phineas-n-Ferbenstein,mv_monster,Martin Olson,wr_maol,7
The Monster of Phineas-n-Ferbenstein,mv_monster,Michael Diederich,wr_midi,7
The Monster of Phineas-n-Ferbenstein,mv_monster,Zac Moncrief,di_zamo,6
The Monster of Phineas-n-Ferbenstein,mv_monster,Zac Moncrief,pr_zamo,8
The Muppets,mv_muppets,Jack Burns,wr_jabu,7
The Muppets,mv_muppets,James Frawley,di_jafr,6
The Muppets,mv_muppets,Jerry Juhl,wr_jeju,7
The Muppets,mv_muppets,Jim Henson,pr_jihe,8
The Muppets,mv_muppets,Lew Grade,pr_legr,8
The Muppets,mv_muppets,Martin Starger,pr_mast,8
The Pirate Fairy,mv_piratefair,Bobs Gannaway,wr_boga,7
The Pirate Fairy,mv_piratefair,Craig Gerber,wr_crge,7
The Pirate Fairy,mv_piratefair,J. M. Barrie,wr_jmba,7
The Pirate Fairy,mv_piratefair,Jeffrey M. Howard,wr_jeho,7
The Pirate Fairy,mv_piratefair,John Lasseter,wr_jola,7
The Pirate Fairy,mv_piratefair,Lorna Cook,wr_loco,7
The Pirate Fairy,mv_piratefair,Peggy Holmes,di_peho,6
The Pirate Fairy,mv_piratefair,Peggy Holmes,pr_peho,8
The Pirate Fairy,mv_piratefair,Peggy Holmes,wr_peho,7
The Princess and the Frog,mv_tpatf,Greg Erb,wr_grer,7
The Princess and the Frog,mv_tpatf,Jason Oremland,wr_jaor,7
The Princess and the Frog,mv_tpatf,John Musker,di_jomu,6
The Princess and the Frog,mv_tpatf,John Musker,wr_jomu,7
The Princess and the Frog,mv_tpatf,Peter Del Vecho,pr_pedv,8
The Princess and the Frog,mv_tpatf,Rob Edwards,wr_roed,7
The Princess and the Frog,mv_tpatf,Ron Clements,di_rocl,6
The Princess and the Frog,mv_tpatf,Ron Clements,wr_rocl,7
The Rescuers,mv_resc,Art Stevens,di_arst,6
The Rescuers,mv_resc,Burny Mattinson,wr_buma,7
The Rescuers,mv_resc,David Michener,wr_dami,7
The Rescuers,mv_resc,Dick Sebast,wr_dise,7
The Rescuers,mv_resc,Frank Thomas,wr_frth,7
The Rescuers,mv_resc,Fred Lucky,wr_frlu,7
The Rescuers,mv_resc,John Lounsbery,di_jolo,6
The Rescuers,mv_resc,Ken Anderson,wr_kean,7
The Rescuers,mv_resc,Larry Clemmons,wr_lacl,7
The Rescuers,mv_resc,Ron W. Miller,pr_romi,8
The Rescuers,mv_resc,Ted Berman,wr_tebe,7
The Rescuers,mv_resc,Vance Gerry,wr_vage,7
The Rescuers,mv_resc,Wolfgang Reitherman,pr_wore,6
The Rescuers,mv_resc,Wolfgang Reitherman,pr_wore,8
The Rescuers Down Under,mv_resc2,Byron Simpson,wr_bysi,7
The Rescuers Down Under,mv_resc2,Hendel Butoy,di_hebu,6
The Rescuers Down Under,mv_resc2,Jim Cox,wr_jico,7
The Rescuers Down Under,mv_resc2,Joe Ranft,wr_jora,7
The Rescuers Down Under,mv_resc2,Karey Kirkpatrick,wr_kaki,7
The Rescuers Down Under,mv_resc2,Mike Gabriel,di_miga,6
The Rescuers Down Under,mv_resc2,Thomas Schumacher,pr_thsch,8
The Return of Jafar,mv_jafar,Alan Zaslove,di_alza,6
The Return of Jafar,mv_jafar,Alan Zaslove,pr_alza,8
The Return of Jafar,mv_jafar,Jessica Koplos-Miller,pr_jekm,8
The Return of Jafar,mv_jafar,Maia Mattise,pr_mama,8
The Return of Jafar,mv_jafar,Mark McCorkle,wr_maco,7
The Return of Jafar,mv_jafar,Robert Schooley,wr_rosch,7
The Return of Jafar,mv_jafar,Tad Stones,di_tast,6
The Return of Jafar,mv_jafar,Tad Stones,pr_tast,8
The Return of Jafar,mv_jafar,Tad Stones,wr_tast,7
The Return of Jafar,mv_jafar,Toby Shelton,di_tosh,6
The Sword in the Stone,mv_swits,Bill Peet,wr_bipe,7
The Sword in the Stone,mv_swits,Walt Disney,pr_wadi,8
The Sword in the Stone,mv_swits,Wolfgang Reitherman,pr_wore,6
The Three Caballeros,mv_thrcab,Bill Peet,wr_bipe,7
The Three Caballeros,mv_thrcab,Bill Roberts,di_biro,6
The Three Caballeros,mv_thrcab,Clyde Geronimi,di_clge,6
The Three Caballeros,mv_thrcab,Del Connell,wr_deco,7
The Three Caballeros,mv_thrcab,Elmer Plummer,wr_elpl,7
The Three Caballeros,mv_thrcab,Ernest Terrazas,wr_erte,7
The Three Caballeros,mv_thrcab,Harold Young,di_hayo,6
The Three Caballeros,mv_thrcab,Homer Brightmen,wr_hobr,7
The Three Caballeros,mv_thrcab,Jack Kinney,di_jaki,6
The Three Caballeros,mv_thrcab,James Bodrero,wr_jabo,7
The Three Caballeros,mv_thrcab,Norman Ferguson,di_nofe,6
The Three Caballeros,mv_thrcab,Ralph Wright,wr_rawr,7
The Three Caballeros,mv_thrcab,Roy Williams,wr_rowi,7
The Three Caballeros,mv_thrcab,Ted Sears,wr_tese,7
The Three Caballeros,mv_thrcab,Walt Disney,pr_wadi,8
The Three Caballeros,mv_thrcab,William Cottrell,wr_wico,7
The Three Musketeers,mv_musketeers,David M. Evans,wr_damev,7
The Three Musketeers,mv_musketeers,Debbie Cramb,pr_decr,8
The Three Musketeers,mv_musketeers,Donovan Cook,di_doco,6
The Three Musketeers,mv_musketeers,Evan Spiliotopoulos,wr_evsp,7
The Three Musketeers,mv_musketeers,Margot Pipkin,pr_mapi,8
The Three Musketeers,mv_musketeers,Maude Lewis,pr_male,8
The Tigger Movie,mv_tiggermv,Cheryl Abood,pr_chab,8
The Tigger Movie,mv_tiggermv,Eddie Guzelian,wr_edgu,7
The Tigger Movie,mv_tiggermv,Jun Falkenstein,di_jufa,6
The Tigger Movie,mv_tiggermv,Jun Falkenstein,wr_jufa,7
The Ugly Duckling,mv_tugduck,Clyde Geronimi,di_clge,6
The Ugly Duckling,mv_tugduck,Hans Christian Andersen,wr_haan,7
The Ugly Duckling,mv_tugduck,Jack Cutting,di_jacu,6
The Ugly Duckling,mv_tugduck,Walt Disney,pr_wadi,8
The Wild,mv_wild,Beau Flynn,pr_befl,8
The Wild,mv_wild,Clint Goldman,pr_clgo,8
The Wild,mv_wild,Ed Decter,wr_edde,7
The Wild,mv_wild,John J. Strauss,wr_jojst,7
The Wild,mv_wild,Kevin Lima,pr_keli,8
The Wild,mv_wild,Mark Gibson,wr_magi,7
The Wild,mv_wild,Philip Halprin,wr_phha,7
The Wild,mv_wild,"Steve ""Spaz"" Williams",di_stspwi,6
The Wild,mv_wild,Will Vinton,pr_wivi,8
The Wise Little Hen,mv_wisehen,Walt Disney,pr_wadi,8
The Wise Little Hen,mv_wisehen,Walt Disney,wr_wadi,7
The Wise Little Hen,mv_wisehen,Wilfred Jackson,di_wija,6
Tinker Bell and the Legend of the NeverBeast,mv_tinkerlnb,Kate Kondell,wr_kako,7
Tinker Bell and the Legend of the NeverBeast,mv_tinkerlnb,Makul Wigert,pr_mawi,8
Tinker Bell and the Legend of the NeverBeast,mv_tinkerlnb,Mark McCorkle,wr_maco,7
Tinker Bell and the Legend of the NeverBeast,mv_tinkerlnb,Robert Schooley,wr_rosch,7
Tinker Bell and the Legend of the NeverBeast,mv_tinkerlnb,Steve Loter,di_stlo,6
Tinker Bell and the Legend of the NeverBeast,mv_tinkerlnb,Steve Loter,wr_stlo,7
Tinker Bell and the Legend of the NeverBeast,mv_tinkerlnb,Tom Rogers,wr_toro,7
Toy Story,mv_toyst,Andrew Stanton,wr_anst,7
Toy Story,mv_toyst,Bonnie Arnold,pr_boar,8
Toy Story,mv_toyst,Joe Ranft,wr_jora,7
Toy Story,mv_toyst,John Lasseter,di_jola,6
Toy Story,mv_toyst,John Lasseter,wr_jola,7
Toy Story,mv_toyst,Pete Docter,wr_pedo,7
Toy Story,mv_toyst,Ralph Guggenheim,pr_ragu,8
Toy Story 2,mv_toyst2,Andrew Stanton,wr_anst,7
Toy Story 2,mv_toyst2,Ash Brannon,wr_asbr,7
Toy Story 2,mv_toyst2,Helene Plotkin,pr_hepl,8
Toy Story 2,mv_toyst2,John Lasseter,di_jola,6
Toy Story 2,mv_toyst2,John Lasseter,wr_jola,7
Toy Story 2,mv_toyst2,Karen Robert Jackson,pr_karj,8
Toy Story 2,mv_toyst2,Pete Docter﻿,wr_pedo,7
Toy Story 3,mv_toyst3,Andrew Stanton,wr_anst,7
Toy Story 3,mv_toyst3,Darla K. Anderson,pr_daka,8
Toy Story 3,mv_toyst3,John Lasseter,wr_jola,7
Toy Story 3,mv_toyst3,Lee Unkrich,di_leun,6
Toy Story 3,mv_toyst3,Lee Unkrich,wr_leun,7
Toy Story 4,mv_toyst4,Andrew Stanton,wr_anst,7
Toy Story 4,mv_toyst4,John Lasseter,wr_jola,7
Toy Story 4,mv_toyst4,Jonas Rivera,pr_jori,8
Toy Story 4,mv_toyst4,Josh Cooley,di_joco,6
Toy Story 4,mv_toyst4,Josh Cooley,wr_joco,7
Toy Story 4,mv_toyst4,Mark Nielsen,pr_mani,8
Toy Story 4,mv_toyst4,Martin Hynes,wr_mahy,7
Toy Story 4,mv_toyst4,Rashida Jones,wr_rajo,7
Toy Story 4,mv_toyst4,Stephany Folsom,wr_stfo,7
Toy Story 4,mv_toyst4,Valerie LaPointe,wr_vapo,7
Toy Story 4,mv_toyst4,Will McCormack,wr_wico,7
Toy Story of Terror,mv_toystterr,Angus MacLane,di_anml,6
Toy Story of Terror,mv_toystterr,Angus MacLane,wr_anma,7
Toy Story of Terror,mv_toystterr,Galyn Susman,pr_gasu,8
Toy Story That Time Forgot,mv_toysttf,Galyn Susman,pr_gasu,8
Toy Story That Time Forgot,mv_toysttf,Steve Purcell,di_stpu,6
Toy Story That Time Forgot,mv_toysttf,Steve Purcell,wr_stpu,7
Treasure Planet,mv_treasurepl,John Musker,di_jomu,6
Treasure Planet,mv_treasurepl,John Musker,pr_jomu,8
Treasure Planet,mv_treasurepl,John Musker,wr_jomu,7
Treasure Planet,mv_treasurepl,Peter Del Vecho,pr_pedv,8
Treasure Planet,mv_treasurepl,Rob Edwards,wr_roed,7
Treasure Planet,mv_treasurepl,Ron Clements,di_rocl,6
Treasure Planet,mv_treasurepl,Ron Clements,pr_rocl,8
Treasure Planet,mv_treasurepl,Ron Clements,wr_rocl,7
Treasure Planet,mv_treasurepl,Roy Conli,pr_roco,8
Treasure Planet,mv_treasurepl,Ted Elliott,wr_teel,7
Treasure Planet,mv_treasurepl,Terry Rossio,wr_tero,7
Turbo,mv_turbo,Darren Lemke,wr_dale,7
Turbo,mv_turbo,David Soren,di_daso,6
Turbo,mv_turbo,David Soren,wr_daso,7
Turbo,mv_turbo,Lisa Stewart,pr_list,8
Turbo,mv_turbo,Robert Siegel,wr_rosi,7
Up,mv_up,Bob Peterson,wr_bope,7
Up,mv_up,Jonas Rivera,pr_jori,8
Up,mv_up,Pete Docter,di_pedo,6
Up,mv_up,Pete Docter,wr_pedo,7
Up,mv_up,Tom McCarthy,wr_toca,7
Who Framed Roger Rabbit,mv_whofrrr,Don Hahn,pr_doha,8
Who Framed Roger Rabbit,mv_whofrrr,Frank Marshall,pr_frma,8
Who Framed Roger Rabbit,mv_whofrrr,Jeffrey Price,wr_jepr,7
Who Framed Roger Rabbit,mv_whofrrr,Kathleen Kennedy,pr_kake,8
Who Framed Roger Rabbit,mv_whofrrr,Peter S. Seaman,wr_pess,7
Who Framed Roger Rabbit,mv_whofrrr,Richard Williams,di_riwi,6
Who Framed Roger Rabbit,mv_whofrrr,Robert Watts,pr_rowa,8
Who Framed Roger Rabbit,mv_whofrrr,Robert Zemeckis,di_roze,6
Who Framed Roger Rabbit,mv_whofrrr,Steve Starkey,pr_stst,8
Who Framed Roger Rabbit,mv_whofrrr,Steven Spielberg,pr_stsp,8
Wonders of the Deep,mv_wondersdeep,Alonso Ramirez Ramos,di_alrr,6
Wonders of the Deep,mv_wondersdeep,Alonso Ramirez Ramos,wr_alrr,7
Wonders of the Deep,mv_wondersdeep,Darrick Bachman,wr_daba,7
Wonders of the Deep,mv_wondersdeep,Dave Wasson,wr_dawa,7
Wonders of the Deep,mv_wondersdeep,Paul Rudish,wr_paru,7
Wreck it Ralph,mv_wir,Clark Spencer,pr_clsp,8
Wreck it Ralph,mv_wir,Jennifer Lee,wr_jele,7
Wreck it Ralph,mv_wir,Jim Reardon,wr_jire,7
Wreck it Ralph,mv_wir,Phil Johnston,wr_phjo,7
Wreck it Ralph,mv_wir,Phil Johnston,wr_phjo,7
Wreck it Ralph,mv_wir,Rich Moore,di_rimo,6
Wreck it Ralph,mv_wir,Rich Moore,wr_rimo,7
Your friend the Rat,mv_friendrat,Jeff Pidgeon,wr_jepi,7
Your friend the Rat,mv_friendrat,Jim Capobianco,di_jica,6
Your friend the Rat,mv_friendrat,Jim Capobianco,pr_jica,8
Your friend the Rat,mv_friendrat,Jim Capobianco,wr_jica,7
Zootopia,mv_zoo,Byron Howard,di_byho,6
Zootopia,mv_zoo,Byron Howard,wr_brho,7
Zootopia,mv_zoo,Clark Spencer,pr_clsp,8
Zootopia,mv_zoo,Jared Bush,wr_jabu,7
Zootopia,mv_zoo,Jennifer Lee,wr_jele,7
Zootopia,mv_zoo,Jim Reardon,wr_jire,7
Zootopia,mv_zoo,Josie Trinidad,wr_jotr,7
Zootopia,mv_zoo,Phil Johnston,wr_phjo,7
Zootopia,mv_zoo,Rich Moore,di_rimo,6
Zootopia,mv_zoo,Rich Moore,wr_rimo,7