From,To,type
fig_a113,mv_abuli,4
fig_a113,mv_avengers,4
fig_a113,mv_avengers,4
fig_a113,mv_bh6,4
fig_a113,mv_brave,4
fig_a113,mv_brave,4
fig_a113,mv_cars,4
fig_a113,mv_cars,4
fig_a113,mv_cars2,4
fig_a113,mv_cars2,4
fig_a113,mv_cars2,4
fig_a113,mv_inc,4
fig_a113,mv_irongiant,4
fig_a113,mv_lands,4
fig_a113,mv_monstersuni,4
fig_a113,mv_nemo,4
fig_a113,mv_ratatou,4
fig_a113,mv_simpsons,4
fig_a113,mv_simpsons,4
fig_a113,mv_simpsons,4
fig_a113,mv_toaster,4
fig_a113,mv_toyst,2
fig_a113,mv_tpatf,4
fig_a113,mv_up,4
fig_a113,mv_walle,4
fig_a113,mv_walle,4
fig_abgabb,mv_aristo,2
fig_abu,mv_coco,2
fig_acall,mv_bh6,2
fig_adavis,mv_kinhrts,4
fig_adavis,mv_toyst,2
fig_adavis,mv_toyst2,2
fig_adavis,mv_toyst3,2
fig_adavis,mv_toyst4,2
fig_adele,mv_teapet,2
fig_akela,mv_jungle,2
fig_akrei,mv_bh6,2
fig_alad,mv_alad,2
fig_alanad,mv_rhood,2
fig_alflin,mv_ratatou,2
fig_alice,mv_alice,2
fig_alisis,mv_alice,2
fig_almcwhi,mv_toyst2,2
fig_almira,mv_thrcab,2
fig_alpha,mv_toyst4,3
fig_alpha,mv_up,2
fig_alsleech,mv_doug,2
fig_ambassador,mv_inc,2
fig_ambmi,mv_ratatou,2
fig_amgabb,mv_aristo,2
fig_amladtr,mv_lattr,2
fig_amoss,mv_foxho,3
fig_anch,mv_nemo,2
fig_andre,mv_planefr,2
fig_angelo,mv_whofrrr,2
fig_anger,mv_inout,2
fig_angler,mv_nemo,3
fig_angler,mv_up,3
fig_anmcba,mv_ichtoad,2
fig_annacloth,mv_frozen,4
fig_annacloth,mv_zoo,4
fig_annadoll,mv_frozen,4
fig_annadoll,mv_ralphbrk,4
fig_annafroz,mv_frozen,2
fig_annafroz,mv_ralphbrk,3
fig_annarhors,mv_frozen,4
fig_annarhors,mv_ralphbrk,4
fig_anteg,mv_ratatou,2
fig_antres,mv_cind,2
fig_arabi,mv_thrcab,3
fig_archimedes,mv_swits,2
fig_arendelle,mv_bh6,4
fig_arendelle,mv_frozen,2
fig_arendelle,mv_ralphbrk,4
fig_ariel,mv_bedtime,2
fig_ariel,mv_goofy,4
fig_ariel,mv_goofy,4
fig_ariel,mv_ralphbrk,3
fig_ariel,mv_tlmm,2
fig_aristoduch,mv_aristo,3
fig_arlo,mv_inout,4
fig_arlo,mv_monstersuni,3
fig_arlo,mv_ralphbrk,2
fig_arlo,mv_tgoodi,2
fig_arlo,mv_toyst4,4
fig_artmonuni,mv_monstersuni,2
fig_artpe,mv_swits,2
fig_ashspi,mv_recess,2
fig_atta,mv_abuli,2
fig_audwoo,mv_housemouse,2
fig_audwoo,mv_ralphbrk,3
fig_august,mv_ratatou,2
fig_auntena,mv_bambi,2
fig_auntsarah,mv_lattr,2
fig_aurora,mv_olicomp,3
fig_aurora,mv_ralphbrk,3
fig_aurora,mv_tsby,2
fig_avalanche,mv_planefr,2
fig_babyherman,mv_whofrrr,2
fig_bagheera,mv_housemouse,3
fig_bagheera,mv_jungle,2
fig_bagheera,mv_jungle2,2
fig_bailey,mv_dory,2
fig_baloo,mv_housemouse,3
fig_baloo,mv_jungle,2
fig_baloo,mv_jungle2,2
fig_baloo,mv_liki2,3
fig_baloo,mv_mtr,4
fig_bambi,mv_bambi,2
fig_bambi,mv_bambi2,2
fig_bambi,mv_frween,4
fig_bambi,mv_goofy,4
fig_bambi,mv_ralphbrk,4
fig_bambi,mv_resc,3
fig_bambi,mv_zoo,4
fig_bammo,mv_bambi,2
fig_bammo,mv_bambi2,2
fig_bammo,mv_jungle,3
fig_bammo,mv_swits,3
fig_bamx,mv_bh6,2
fig_bamx,mv_moana,4
fig_bamx,mv_ralphbrk,3
fig_bamx,mv_ralphbrk,3
fig_bamx,mv_zoo,4
fig_barbie,mv_toyst,2
fig_barryang,mv_teapet,2
fig_bashful,mv_snow,2
fig_bbunny,mv_whofrrr,2
fig_bcutlass,mv_cars,2
fig_beast,mv_alad,4
fig_beast,mv_batb,2
fig_beaver,mv_lattr,2
fig_becdet,mv_recess,2
fig_beebe,mv_doug,2
fig_bellcom,mv_ralphbrk,4
fig_bellcom,mv_zoo,4
fig_belle,mv_batb,2
fig_belle,mv_hbnd,3
fig_belle,mv_ralphbrk,3
fig_benali,mv_fant,3
fig_bencab,mv_whofrrr,2
fig_bentbea,mv_ducktls,2
fig_berlioz,mv_aristo,2
fig_bernado,mv_gepetto,2
fig_bernard,mv_resc,2
fig_bernkro,mv_inc,2
fig_berto,mv_coco,2
fig_beta,mv_toyst4,3
fig_beta,mv_up,2
fig_bettyboo,mv_whofrrr,2
fig_bibawo,mv_whofrrr,2
fig_bibo,mv_inout,2
fig_bigb,mv_toyst3,2
fig_bigfoot,mv_goofy,2
fig_bigh6mov,mv_bh6,1
fig_bigh6mov,mv_zoo,1
fig_bigmam,mv_foxho,3
fig_bigred,mv_monstersuni,2
fig_billiz,mv_alice,2
fig_billiz,mv_tgmouse,3
fig_billyrussian,mv_aristo,2
fig_binanest,mv_bambi,2
fig_binanest,mv_resc,3
fig_binatree,mv_alice,3
fig_blackcaul,mv_blcaul,3
fig_blackout,mv_planefr,2
fig_blarang,mv_planefr,2
fig_blfair,mv_pinocchio,2
fig_blfair,mv_teapet,3
fig_blo,mv_dory,2
fig_bluffag,mv_doug,2
fig_bobble,mv_piratefair,3
fig_bobble,mv_secotw,2
fig_bobparr,mv_inc,2
fig_bobswift,mv_cars,2
fig_bodad,mv_toyst3,2
fig_bodad,mv_toyst4,2
fig_bolt,mv_bh6,4
fig_bolt,mv_bolt,2
fig_bolt,mv_wir,4
fig_bombvoy,mv_inc,2
fig_bomom,mv_toyst3,2
fig_bomom,mv_toyst4,2
fig_bongo,mv_funff,3
fig_bonito,mv_piratefair,2
fig_bonnie,mv_toyst3,2
fig_bonnie,mv_toyst4,2
fig_boo,mv_monsters,2
fig_boomer,mv_doug,2
fig_boomer,mv_foxho,2
fig_bopeep,mv_toyst,2
fig_bopeep,mv_toyst2,2
fig_bopeep,mv_toyst3,2
fig_bopeep,mv_toyst4,2
fig_boris,mv_101dal61,3
fig_boris,mv_lattr,2
fig_boysq,mv_foxho,3
fig_boysq,mv_swits,2
fig_bravopl,mv_planes,2
fig_briyard,mv_cars,2
fig_brombon,mv_ichtoad,3
fig_bropea,mv_monstersuni,2
fig_bruce,mv_inc,4
fig_bruce,mv_nemo,2
fig_bruno,mv_cind,2
fig_brutus,mv_resc,2
fig_bub,mv_dory,2
fig_buck,mv_hotr,2
fig_buck,mv_tinkerlnb,2
fig_bulldog,mv_planes,2
fig_bulleye,mv_mtr,4
fig_bulleye,mv_toyst,2
fig_bulltr,mv_101dal61,3
fig_bulltr,mv_lattr,2
fig_bully,mv_cars,2
fig_bunny,mv_toyst4,2
fig_busdriv,mv_monstersuni,2
fig_but,mv_tgoodi,2
fig_buzzlight,mv_bedtime,3
fig_buzzlight,mv_cars,4
fig_buzzlight,mv_coco,3
fig_buzzlight,mv_nemo,3
fig_buzzlight,mv_ralphbrk,4
fig_buzzlight,mv_ralphbrk,4
fig_buzzlight,mv_toyst,2
fig_buzzlight,mv_toyst2,2
fig_buzzlight,mv_toyst3,2
fig_buzzlight,mv_toyst4,2
fig_cabbie,mv_planefr,2
fig_cadspin,mv_planefr,2
fig_candy,mv_frozen,4
fig_candy,mv_wir,2
fig_captain,mv_101dal61,2
fig_cardpaint,mv_alice,3
fig_carlshouse,mv_ralphbrk,4
fig_carlshouse,mv_up,4
fig_carmoli,mv_thrcab,3
fig_carrie,mv_monstersuni,2
fig_casey,mv_dumbo,2
fig_caterpillar,mv_alice,2
fig_cbrbobo,mv_lands,2
fig_celmae,mv_monsters,2
fig_cgirlem,mv_inout,2
fig_chad,mv_goofy,2
fig_chalk,mv_doug,2
fig_charl,mv_toyst4,3
fig_charl,mv_up,2
fig_charliedory,mv_dory,2
fig_charlmc,mv_funff,3
fig_chase,mv_tinkerlnb,2
fig_checat,mv_alice,2
fig_chefskin,mv_ratatou,2
fig_cherna,mv_fant,3
fig_cherna,mv_fant2,3
fig_chetalex,mv_monstersuni,2
fig_chewy,mv_ralphbrk,4
fig_chewy,mv_starwars,2
fig_chfish,mv_dory,2
fig_chhicks,mv_cars,2
fig_chich,mv_coco,2
fig_chiefhound,mv_foxho,2
fig_chip,mv_batb,2
fig_chip,mv_tarzan,4
fig_chrisrobin,mv_chrrob,2
fig_chrisrobin,mv_mapooh,2
fig_chrisrobin,mv_pigbm,2
fig_chrisrobin,mv_tiggermv,2
fig_chug,mv_planefr,2
fig_chug,mv_planes,2
fig_cincastle,mv_cind,4
fig_cincastle,mv_lands,4
fig_cind,mv_cind,2
fig_cind,mv_ralphbrk,3
fig_cinddoor,mv_cind,2
fig_clairewheeler,mv_monstersuni,2
fig_clank,mv_piratefair,2
fig_clank,mv_secotw,2
fig_clowndumb,mv_dumbo,2
fig_colcow,mv_planes,2
fig_coldalm,mv_101dal61,2
fig_colhath,mv_jungle,2
fig_colhath,mv_jungle2,2
fig_collie,mv_101dal61,2
fig_colscn,mv_liki,2
fig_conniedo,mv_doug,2
fig_copper,mv_foxho,2
fig_coral,mv_nemo,2
fig_correct,mv_coco,2
fig_cptcroco,mv_rhood,2
fig_cptgantu,mv_lands,2
fig_crab,mv_dory,2
fig_creeper,mv_blcaul,2
fig_crocodiles,mv_fant2,3
fig_crocodiles,mv_resc,3
fig_cruella,mv_101dal61,2
fig_crush,mv_dory,2
fig_cruz,mv_cars,2
fig_cubby,mv_rtneverl,2
fig_cvbark,mv_pinocchio,2
fig_cybug,mv_wir,2
fig_cyril,mv_ichtoad,2
fig_dachsie,mv_lattr,2
fig_daffy,mv_looney,2
fig_daffy,mv_whofrrr,2
fig_daisyduck,mv_ducktls,2
fig_daisyduck,mv_fant2,2
fig_daisyduck,mv_musketeers,2
fig_daisyduck,mv_ouach,2
fig_daisyduck,mv_tuach,2
fig_daisyduck,mv_whofrrr,3
fig_dallben,mv_blcaul,3
fig_dalmduch,mv_101dal61,2
fig_danny,mv_101dal61,2
fig_danny,mv_rtneverl,2
fig_dante,fig_mexhldog,3
fig_dante,mv_coco,2
fig_darla,mv_dory,3
fig_darla,mv_nemo,2
fig_darla,mv_toyst3,4
fig_darling,mv_lattr,2
fig_dashiell,mv_inc,2
fig_dcaboom,mv_toyst4,2
fig_dcartr,mv_cars,2
fig_dcartr,mv_cars2,2
fig_dcartr,mv_cars3,2
fig_deacon,mv_resc,2
fig_deadeye,mv_resc,2
fig_deanabi,mv_monstersuni,2
fig_debdory,mv_dory,2
fig_dennispet,mv_teapet,2
fig_dent,mv_nemo,2
fig_depagent,mv_coco,2
fig_destiny,mv_dory,2
fig_detective1,mv_inc,2
fig_detective2,mv_inc,2
fig_deweyvan,mv_ducktls,2
fig_deweywing,mv_secotw,2
fig_diablo,mv_tsby,2
fig_diesel,mv_101dal61,2
fig_digger,mv_resc,2
fig_dijon,mv_ducktls,2
fig_dim,mv_abuli,2
fig_dirtdaw,mv_101dal61,2
fig_dis,mv_inout,2
fig_dja,mv_ratatou,2
fig_dkawena,mv_lands,2
fig_dkawena,mv_stitch,2
fig_dni,mv_foxho,2
fig_dochud,mv_cars,2
fig_docsw,mv_snow,2
fig_dogwagon,mv_lattr,3
fig_dogwagon,mv_tgmouse,4
fig_doli,mv_blcaul,2
fig_dolores,mv_whofrrr,2
fig_donald,mv_ducktls,4
fig_donald,mv_fant2,2
fig_donald,mv_flubber,4
fig_donald,mv_funff,2
fig_donald,mv_goofy,3
fig_donald,mv_jampch,3
fig_donald,mv_liki2,3
fig_donald,mv_musketeers,2
fig_donald,mv_ouach,2
fig_donald,mv_salam,2
fig_donald,mv_thrcab,4
fig_donald,mv_tlmm,3
fig_donald,mv_tuach,2
fig_donald,mv_whofrrr,2
fig_donald,mv_wisehen,2
fig_doncarlton,mv_monstersuni,2
fig_donhid,mv_hidalgo,2
fig_dopey,mv_snow,2
fig_doraluz,mv_thrcab,3
fig_dormouse,mv_alice,2
fig_dory,mv_dory,2
fig_dory,mv_nemo,2
fig_dot,mv_abuli,2
fig_dottie,mv_planefr,2
fig_dottie,mv_planes,2
fig_doug,mv_doug,2
fig_down,mv_tgoodi,2
fig_drbene,mv_recess,2
fig_drfali,mv_tpatf,2
fig_drflo,mv_abuli,2
fig_drip,mv_planefr,2
fig_drivan,mv_teapet,2
fig_drizella,mv_cind,2
fig_droopy,mv_whofrrr,2
fig_duckduck,mv_bambi,2
fig_duckduck,mv_foxho,3
fig_duckworth,mv_ducktls,2
fig_ducky,mv_toyst,2
fig_dug,mv_ratatou,3
fig_dug,mv_toyst4,3
fig_dug,mv_up,2
fig_dukecind,mv_cind,2
fig_dukecind,mv_tlmm,3
fig_dumbo,mv_dumbo,2
fig_dumbo,mv_lands,4
fig_dumbo,mv_ralphbrk,4
fig_dumbo,mv_tgmouse,4
fig_dumm,mv_toyst4,2
fig_duseze,mv_cars,2
fig_duseze,mv_cars3,2
fig_duseze,mv_planefr,2
fig_dustycrop,mv_planes,2
fig_dynamite,mv_planefr,2
fig_earl,mv_tgoodi,2
fig_echo,mv_planes,2
fig_eddie,mv_whofrrr,2
fig_edgbalth,mv_aristo,2
fig_edgberg,mv_funff,2
fig_edith,mv_up,2
fig_edna,mv_inc,2
fig_edward,mv_rtneverl,2
fig_eeyore,mv_heffalump,2
fig_eeyore,mv_mapooh,2
fig_eeyore,mv_mapooh,3
fig_eeyore,mv_pigbm,2
fig_eeyore,mv_ralphbrk,4
fig_eeyore,mv_tiggermv,2
fig_elastig,mv_inc,2
fig_elchupaca,mv_planes,2
fig_elecatty,mv_dumbo,2
fig_elederlyoff,mv_rtneverl,2
fig_elegiddy,mv_dumbo,2
fig_elematri,mv_dumbo,2
fig_eleprissy,mv_dumbo,2
fig_elliemae,mv_resc,2
fig_elmo,mv_doug,2
fig_elsacl,mv_frozen,4
fig_elsacl,mv_zoo,3
fig_elsafr,mv_frozen,2
fig_elsafr,mv_ralphbrk,4
fig_elsafr,mv_ralphbrk,3
fig_emcee,mv_coco,2
fig_emi,mv_ratatou,2
fig_emmet,mv_monstersuni,2
fig_erndc,mv_coco,2
fig_ester,mv_bh6,4
fig_ester,mv_bolt,2
fig_eve,mv_walle,2
fig_evelynde,mv_inc,2
fig_evilqn,mv_nbchr,3
fig_evilqn,mv_snow,2
fig_evinrude,mv_resc,2
fig_fairfolk,mv_blcaul,2
fig_fairygary,mv_piratefair,2
fig_fairygod,mv_cind,2
fig_fairymary,mv_secotw,2
fig_faline,mv_bambi,2
fig_faline,mv_bambi2,2
fig_fathpeg,mv_fant,2
fig_fathpeg,mv_fant2,2
fig_fathsex,mv_rhood,2
fig_fauna,mv_tsby,2
fig_fawn,mv_piratefair,2
fig_fawn,mv_secotw,2
fig_fawn,mv_tinkerlnb,2
fig_fear,mv_inout,2
fig_felipe,mv_coco,2
fig_fenwick,mv_recess,2
fig_fflewd,mv_blcaul,2
fig_fifj,mv_wir,2
fig_figaro,mv_pinocchio,2
fig_fillm,mv_cars,2
fig_finn,mv_cars,2
fig_fipin,mv_alice,2
fig_fipin,mv_pinocchio,2
fig_fivebear,mv_cbears,2
fig_fivebear,mv_tiggermv,3
fig_flap,mv_planefr,2
fig_flash,mv_ralphbrk,4
fig_flash,mv_zoo,4
fig_flightatt,mv_salam,2
fig_flik,mv_abuli,2
fig_flik,mv_cars,4
fig_flik,mv_toyst2,4
fig_flo,mv_cars,2
fig_flora,mv_tsby,2
fig_flounder,mv_jungle2,3
fig_flounder,mv_tlmm,2
fig_flower,mv_bambi,2
fig_flower,mv_bambi2,2
fig_fluke,mv_dory,2
fig_flunkey,mv_jungle2,2
fig_flyn,mv_frozen,3
fig_flyn,mv_tang,2
fig_fmcc,mv_monstersuni,2
fig_forgbob,mv_inout,2
fig_forgpau,mv_inout,2
fig_forky,mv_toyst4,2
fig_forwood,mv_inout,4
fig_forwood,mv_tgoodi,2
fig_fowl,mv_bambi,2
fig_fowl,mv_bambi2,2
fig_fran,mv_abuli,2
fig_frankcars,mv_cars,2
fig_frankgr,mv_salam,2
fig_frankrd,mv_fant2,3
fig_frankrd,mv_resc2,2
fig_frankth,mv_salam,2
fig_franz,mv_planes,2
fig_fratbro,mv_monstersuni,2
fig_fredbh6,mv_bh6,2
fig_fredbh6,mv_ralphbrk,3
fig_fredbh6,mv_ralphbrk,4
fig_fredbh6,mv_ralphbrk,4
fig_fredup,mv_up,2
fig_fremm,mv_aristo,3
fig_friartuck,mv_rhood,2
fig_frika,mv_coco,2
fig_fritz,mv_inout,2
fig_frou,mv_aristo,2
fig_froz2mov,mv_frozen2,1
fig_froz2mov,mv_zoo,4
fig_frozone,mv_inc,2
fig_fury,mv_tinkerlnb,2
fig_gabgab,mv_toyst4,2
fig_gamma,mv_toyst,3
fig_gamma,mv_up,2
fig_genie,mv_alad,2
fig_george,mv_monsters,2
fig_george,mv_monstersuni,2
fig_georgedarl,mv_ppan,2
fig_georgelaw,mv_aristo,2
fig_georgeup,mv_up,2
fig_gepetto,mv_pinocchio,2
fig_gerald,mv_dory,2
fig_ggto,mv_bh6,2
fig_ggto,mv_ralphbrk,3
fig_giddy,mv_pinocchio,2
fig_giganticmov,mv_gigantic,1
fig_giganticmov,mv_zoo,4
fig_gigmcdimp,mv_toyst4,2
fig_gilbert,mv_inc,2
fig_gill,mv_dory,2
fig_git,mv_ratatou,2
fig_glamp,mv_alad,2
fig_glamp,mv_moana,4
fig_glamp,mv_ralphbrk,4
fig_glamp,mv_tpatf,4
fig_glamp,mv_zoo,4
fig_gliss,mv_piratefair,2
fig_gliss,mv_secotw,2
fig_goldenhp,mv_funff,4
fig_goofy,mv_alad,4
fig_goofy,mv_funff,2
fig_goofy,mv_goofy,2
fig_goofy,mv_salam,2
fig_goofy,mv_tlmm,3
fig_goofy,mv_whofrrr,2
fig_gopher,mv_mapooh,2
fig_gord,mv_brave,2
fig_gramps,mv_resc,2
fig_gransq,mv_swits,2
fig_grduke,mv_cind,2
fig_grduke,mv_tlmm,3
fig_greasy,mv_whofrrr,2
fig_gretchen,mv_recess,2
fig_grprince,mv_bambi,2
fig_grumpy,mv_ralphbrk,3
fig_grumpy,mv_snow,2
fig_gufrank,mv_inout,2
fig_guido,mv_cars,2
fig_gurg,mv_dory,2
fig_gurgii,mv_blcaul,2
fig_guscind,mv_cind,2
fig_guscind,mv_ralphbrk,3
fig_guscind,mv_recess,2
fig_gust,mv_coco,2
fig_guste,mv_cars2,4
fig_guste,mv_ratatou,4
fig_guygr,mv_doug,2
fig_gyp,mv_abuli,2
fig_hamilt,mv_cars,2
fig_hamm,mv_cars,2
fig_hamm,mv_toyst,2
fig_hamm,mv_toyst2,2
fig_hamm,mv_toyst3,2
fig_hank,mv_dory,2
fig_hans,mv_bh6,4
fig_hans,mv_bh6,4
fig_hans,mv_frozen,2
fig_happy,mv_snow,2
fig_harm,mv_inout,2
fig_harvcars,mv_cars,2
fig_harvey,mv_planefr,2
fig_hathi,mv_fant2,3
fig_hathi,mv_jungle,2
fig_hdty,mv_bh6,4
fig_hdty,mv_bh6,4
fig_hdty,mv_herdty,2
fig_hdty,mv_wir,3
fig_hdty,mv_wir,4
fig_hec,mv_coco,2
fig_heihei,mv_moana,2
fig_heihei,mv_ralphbrk,3
fig_heiml,mv_abuli,2
fig_heiml,mv_toyst2,3
fig_helect,mv_inc,2
fig_henwat,mv_monsters,2
fig_henwat,mv_monstersuni,4
fig_henwen,mv_blcaul,2
fig_hermel,mv_doug,2
fig_hiroham,mv_bh6,2
fig_hiroham,mv_ralphbrk,3
fig_hitcat,mv_aristo,2
fig_holly,mv_cars,2
fig_honey,mv_inc,2
fig_honlem,mv_bh6,2
fig_honlem,mv_ralphbrk,3
fig_hooccar,mv_cars,2
fig_hook,mv_ppan,2
fig_hook,mv_rtneverl,2
fig_hop,mv_abuli,2
fig_horace,mv_101dal61,2
fig_hornking,mv_blcaul,2
fig_horsemax,mv_tang,2
fig_horsemax,mv_wir,3
fig_horst,mv_ratatou,2
fig_hortruck,mv_101dal61,4
fig_houndbarks,mv_101dal61,4
fig_hphillips,mv_toyst,2
fig_humtbe,mv_ralphbrk,3
fig_huntedogs,mv_bambi2,2
fig_huteach,mv_lands,2
fig_huvand,mv_ducktls,2
fig_hyena,mv_lattr,2
fig_hyhippo,mv_fant,2
fig_hyhippo,mv_fant2,2
fig_hyhippo,mv_whofrrr,2
fig_ianwaz,mv_teapet,2
fig_ichabod,mv_ichtoad,2
fig_ifpram,mv_toyst,2
fig_imelda,mv_coco,2
fig_indianch,mv_ppan,2
fig_inspcraven,mv_101dal61,2
fig_iridessa,mv_piratefair,2
fig_iridessa,mv_secotw,2
fig_iridessa,mv_tinkerlnb,2
fig_ishani,mv_planes,2
fig_jacksortm,mv_cars,2
fig_jacques,mv_dory,2
fig_jafar,mv_alad,2
fig_jafar,mv_alad19,2
fig_jafar,mv_donlamp,3
fig_jafar,mv_elhol,3
fig_jafar,mv_emojii,4
fig_jafar,mv_housemouse,2
fig_jafar,mv_jafar,2
fig_jake,mv_inout,2
fig_jamesfairy,mv_piratefair,2
fig_janenever,mv_rtneverl,2
fig_jang,mv_inout,2
fig_japarr,mv_inc,2
fig_jaqcind,mv_cind,2
fig_jaqcind,mv_ralphbrk,3
fig_jasper,mv_101dal61,2
fig_jeff,mv_monsters,2
fig_jennydory,mv_dory,2
fig_jerry,mv_monsters,2
fig_jessie,mv_monsters,4
fig_jessie,mv_mtr,4
fig_jessie,mv_ralphbrk,3
fig_jessie,mv_toyst,3
fig_jimcrick,mv_funff,2
fig_jimcrick,mv_housemouse,3
fig_jimcrick,mv_housemouse,3
fig_jimcrick,mv_pinocchio,2
fig_jimcrick,mv_whofrrr,3
fig_jimcro,mv_dumbo,2
fig_jimdea,mv_lattr,2
fig_jimsfr,mv_lattr,2
fig_jmusker,di_jomu,6
fig_jmusker,mv_alad,3
fig_jmusker,mv_hercules,3
fig_jmusker,mv_moana,4
fig_jmusker,mv_moana,3
fig_jmusker,mv_tlmm,3
fig_jmusker,mv_tpatf,3
fig_jmusker,mv_tpatf,3
fig_jmusker,mv_treasurepl,3
fig_jmusker,pr_jomu,8
fig_jmusker,wr_jomu,7
fig_jock,mv_101dal61,3
fig_jock,mv_lattr,2
fig_jock,mv_liki,4
fig_jock,mv_olicomp,2
fig_johndarl,mv_ppan,2
fig_johndarl,mv_rtneverl,4
fig_johnworth,mv_monstersuni,2
fig_johnworth,mv_pinocchio,2
fig_jookiba,mv_lands,2
fig_josecari,mv_alice,3
fig_josecari,mv_alice,3
fig_josecari,mv_ducktls,3
fig_josecari,mv_housemouse,3
fig_josecari,mv_musketeers,3
fig_josecari,mv_salam,2
fig_josecari,mv_thrcab,2
fig_josecari,mv_whofrrr,3
fig_joy,mv_inout,2
fig_jskellington,mv_emojii,4
fig_jskellington,mv_jampch,3
fig_jskellington,mv_monster,3
fig_jskellington,mv_nbchr,2
fig_jskellington,mv_ralphbrk,4
fig_jskellington,mv_tpatf,4
fig_juan,mv_coco,2
fig_judgdav,mv_planes,2
fig_judgedoom,mv_whofrrr,2
fig_judgefun,mv_doug,2
fig_judgehopps,mv_ralphbrk,3
fig_judgehopps,mv_zoo,2
fig_julio,mv_coco,2
fig_juniorcar,mv_cars,2
fig_juniorjb,mv_jungle,2
fig_kaa,mv_jungle,2
fig_kaa,mv_jungle2,2
fig_kagn,mv_frozen,2
fig_kagn,mv_ralphbrk,3
fig_kanga,mv_heffalump,2
fig_kanga,mv_mapooh,2
fig_kanga,mv_pigbm,2
fig_kanga,mv_tiggermv,2
fig_karen,mv_inc,2
fig_kari,mv_inc,2
fig_kbeverly,mv_toyst4,2
fig_keid,mv_blcaul,2
fig_ken,mv_toyst3,2
fig_kermit,mv_muppets,2
fig_kermit,mv_ralphbrk,4
fig_kermit,mv_tlmm,3
fig_kevup,mv_up,2
fig_kferg,mv_brave,2
fig_khearts,mv_alice,2
fig_khubert,mv_tsby,2
fig_kingcind,mv_cind,2
fig_klouie,mv_jungle,2
fig_klouie,mv_jungle2,2
fig_krich,mv_rhood,2
fig_krush,mv_inc,2
fig_kstefan,mv_tsby,2
fig_ktrit,mv_tlmm,2
fig_ktrit,mv_tpatf,3
fig_labrador,mv_101dal61,2
fig_ladyklu,mv_rhood,2
fig_ladytr,mv_lattr,2
fig_ladytrm,mv_cind,2
fig_lafayette,mv_aristo,2
fig_lalo,mv_ratatou,2
fig_larou,mv_ratatou,2
fig_larry,mv_doug,2
fig_lazardo,mv_gepetto,2
fig_lbdoll,mv_mulan,3
fig_lbdoll,mv_tarzan,3
fig_lcatcaf,mv_bh6,4
fig_lcatcaf,mv_ralphbrk,4
fig_lcatcaf,mv_zoo,4
fig_leadbot,mv_planefr,3
fig_leadbot,mv_planes,2
fig_leeblair,mv_salam,2
fig_lenahy,mv_whofrrr,2
fig_leonard,mv_teapet,2
fig_lester,mv_goofy,2
fig_lib,mv_tgoodi,2
fig_lildipper,mv_planefr,2
fig_liljohn,mv_rhood,2
fig_lilkim,mv_planes,2
fig_lilo,mv_lands,2
fig_lincoln,mv_doug,2
fig_lisa,mv_goofy,2
fig_lizz,mv_cars,2
fig_lmcqueen,mv_cars,2
fig_lmcqueen,mv_cars2,2
fig_lmcqueen,mv_cars3,2
fig_lmcqueen,mv_dory,4
fig_lmcqueen,mv_planefr,3
fig_lmcqueen,mv_ralphbrk,4
fig_lmpwck,mv_pinocchio,2
fig_loguf,mv_brave,2
fig_lohbear,mv_cars2,4
fig_lohbear,mv_toyst3,2
fig_lohbear,mv_up,4
fig_lomac,mv_brave,2
fig_lomilori,mv_secotw,2
fig_lon,mv_hbnd,3
fig_lon,mv_poca,2
fig_lording,mv_brave,2
fig_lottie,mv_tpatf,2
fig_louis,mv_tpatf,2
fig_louise,mv_cars,2
fig_ltsantino,mv_whofrrr,2
fig_luana,mv_funff,2
fig_lucifer,mv_cind,2
fig_luckydog,mv_101dal61,2
fig_luckyvult,mv_jungle,2
fig_luckyvult,mv_jungle2,2
fig_lucy,mv_101dal61,2
fig_luigi,mv_cars,2
fig_luke,mv_resc,2
fig_lumpy,mv_heffalump,2
fig_lurl,mv_tgoodi,2
fig_luxball,mv_brave,4
fig_luxball,mv_cars2,4
fig_luxball,mv_cars3,4
fig_luxball,mv_coco,4
fig_luxball,mv_dory,4
fig_luxball,mv_inc,4
fig_luxball,mv_inc2,4
fig_luxball,mv_inout,4
fig_luxball,mv_jjatt,4
fig_luxball,mv_lands,4
fig_luxball,mv_luxo,2
fig_luxball,mv_monsters,4
fig_luxball,mv_monstersuni,4
fig_luxball,mv_nemo,4
fig_luxball,mv_presto,4
fig_luxball,mv_presto,4
fig_luxball,mv_redsdr,4
fig_luxball,mv_tgoodi,4
fig_luxball,mv_toyst,4
fig_luxball,mv_toyst2,4
fig_luxball,mv_toyst3,4
fig_luxball,mv_toyst3,4
fig_luxball,mv_toyst4,4
fig_luxball,mv_toystterr,4
fig_luxball,mv_toysttf,4
fig_luxball,mv_up,4
fig_luxball,mv_up,4
fig_lynda,mv_cars,2
fig_mack,mv_cars,2
fig_maddy,mv_cars,2
fig_madhat,mv_alice,2
fig_madhat,mv_elhol,2
fig_madhat,mv_housemouse,3
fig_madhat,mv_liki2,4
fig_madhat,mv_ralphbrk,4
fig_maidmar,mv_rhood,2
fig_maleficient,mv_tsby,2
fig_malgoon,mv_tsby,2
fig_mamacoco,mv_coco,2
fig_mamahef,mv_heffalump,2
fig_mamahook,mv_ppan,2
fig_mamahook,mv_rtneverl,2
fig_manny,mv_abuli,2
fig_march,mv_alice,2
fig_marg,mv_toyst4,2
fig_marie,mv_aristo,2
fig_marlin,mv_dory,2
fig_marsh,mv_frozen,2
fig_marsh,mv_moana,3
fig_mart,mv_brave,2
fig_maru,mv_planefr,2
fig_marvinac,mv_whofrrr,2
fig_maryblair,mv_salam,2
fig_marydarl,mv_ppan,2
fig_maryhelp,mv_teapet,2
fig_mater,mv_cars,2
fig_maud,mv_brave,2
fig_maxgoof,mv_goofy,2
fig_maximus,mv_tang,2
fig_mayday,mv_planefr,2
fig_mayorinc,mv_inc,2
fig_mayortippi,mv_doug,2
fig_mccrea,mv_walle,2
fig_mdavis,mv_toyst,2
fig_mdavis,mv_toyst2,3
fig_mdavis,mv_toyst3,3
fig_mdavis,mv_toyst4,3
fig_medmonds,mv_lands,2
fig_megpap,mv_paperman,3
fig_megpap,mv_ralphbrk,3
fig_melody,mv_tlmm2,2
fig_mena,mv_bambi2,2
fig_merida,mv_brave,2
fig_merida,mv_ralphbrk,3
fig_merlin,mv_swits,2
fig_mermaids,mv_ppan,2
fig_merrywe,mv_tsby,2
fig_messua,mv_jungle2,2
fig_mexhldog,fig_dante,4
fig_mexhldog,mv_101dal61,3
fig_mfhook,mv_moana,2
fig_mfhook,mv_ralphbrk,4
fig_mfhook,mv_zoo,4
fig_mia,mv_cars,2
fig_mia,mv_cars2,2
fig_michda,mv_ppan,2
fig_michda,mv_rtneverl,2
fig_mickey,mv_alad,3
fig_mickey,mv_chlit,4
fig_mickey,mv_fant,2
fig_mickey,mv_frozen,4
fig_mickey,mv_frozen,4
fig_mickey,mv_funff,2
fig_mickey,mv_goofy,4
fig_mickey,mv_goofy,3
fig_mickey,mv_goofy,3
fig_mickey,mv_goofy,4
fig_mickey,mv_jampch,3
fig_mickey,mv_jungle2,3
fig_mickey,mv_olicomp,4
fig_mickey,mv_ralphbrk,4
fig_mickey,mv_ralphbrk,4
fig_mickey,mv_rtneverl,4
fig_mickey,mv_secotw,4
fig_mickey,mv_stbtwl,2
fig_mickey,mv_teapet,4
fig_mickey,mv_tiggermv,4
fig_mickey,mv_tlmm,3
fig_mickey,mv_whofrrr,2
fig_mickey,mv_wir,4
fig_mickey,mv_zoo,4
fig_miguel,mv_coco,2
fig_mike,mv_cars,3
fig_mike,mv_monsters,2
fig_mike,mv_monstersuni,2
fig_mike,mv_nemo,3
fig_mike,mv_walle,4
fig_mikeblu,mv_recess,2
fig_minnie,mv_elhol,2
fig_minnie,mv_musketeers,2
fig_minnie,mv_ouach,2
fig_minnie,mv_ouach,2
fig_minnie,mv_whofrrr,2
fig_minnie,mv_whofrrr,3
fig_minnycar,mv_cars,3
fig_minnycar,mv_cars2,2
fig_mirage,mv_inc,2
fig_mmeade,mv_aristo,3
fig_mmemed,mv_resc,2
fig_mmemim,mv_swits,2
fig_moana,mv_moana,2
fig_moana,mv_ralphbrk,3
fig_moanamov,mv_moana,4
fig_moanamov,mv_zoo,4
fig_mochi,mv_bh6,3
fig_mochi,mv_ralphbrk,3
fig_modie,mv_tpatf,2
fig_moley,mv_ichtoad,2
fig_molt,mv_abuli,2
fig_momida,mv_tgoodi,2
fig_moosleech,mv_doug,2
fig_morgan,mv_tinkerlnb,2
fig_mortimer,mv_funff,3
fig_mosad,mv_inout,2
fig_motherlilsis,mv_rhood,2
fig_mothpega,mv_fant,2
fig_mothpega,mv_fant2,3
fig_mothrabbit,mv_rhood,2
fig_motunui,mv_moana,2
fig_motunui,mv_ralphbrk,3
fig_mrbiglimo,mv_ralphbrk,4
fig_mrbiglimo,mv_zoo,4
fig_mrbluff,mv_doug,2
fig_mrchair,mv_resc,2
fig_mrchimney,mv_doug,2
fig_mrdigger,mv_foxho,3
fig_mrdink,mv_doug,2
fig_mrfunnie,mv_doug,2
fig_mrjolly,mv_teapet,2
fig_mrmole,mv_bambi,3
fig_mrnarrator,mv_mapooh,2
fig_mrpohead,mv_toyst,2
fig_mrpohead,mv_toyst2,2
fig_mrpohead,mv_toyst3,2
fig_mrpohead,mv_toyst4,2
fig_mrray,mv_dory,2
fig_mrsboogin,mv_teapet,2
fig_mrsdavis,mv_toyst,2
fig_mrsfeath,mv_ducktls,2
fig_mrsfinster,mv_recess,2
fig_mrsflint,mv_monsters,2
fig_mrsfunny,mv_doug,2
fig_mrsgraves,mv_monstersuni,2
fig_mrshas,mv_lands,2
fig_mrshog,mv_inc,2
fig_mrsmee,mv_piratefair,2
fig_mrsmee,mv_ppan,2
fig_mrsmee,mv_rtneverl,2
fig_mrsnoops,mv_resc,2
fig_mrsoil,mv_abuli,2
fig_mrspohead,mv_toyst,2
fig_mrspossum,mv_bambi,2
fig_mrspotts,mv_batb,2
fig_mrspotts,mv_tarzan,4
fig_mrsrabbit,mv_bambi,2
fig_mrstork,mv_dumbo,2
fig_msbianca,mv_resc,2
fig_msbird,mv_101dal61,2
fig_msfritter,mv_cars,2
fig_msmaps,mv_goofy,2
fig_mtwhale,mv_pinocchio,2
fig_mulan,mv_mulan,2
fig_mulan,mv_ralphbrk,3
fig_mulanmov,mv_lands,4
fig_mulanmov,mv_mulan,4
fig_must,mv_ratatou,2
fig_muwok,mv_lands,4
fig_muwok,mv_mulan,2
fig_nana,mv_rtneverl,2
fig_nani,mv_lands,2
fig_nannydalm,mv_101dal61,2
fig_napoleon,mv_aristo,2
fig_nash,mv_tgoodi,2
fig_natalie,mv_cars,2
fig_neddoug,mv_doug,2
fig_nedzed,mv_planes,2
fig_need,mv_monsters,2
fig_nemo,mv_brbear,3
fig_nemo,mv_dory,2
fig_nemo,mv_inout,4
fig_nemo,mv_monsters,4
fig_nemo,mv_nemo,2
fig_nemo,mv_toyst3,4
fig_nero,mv_resc,2
fig_nestor,mv_thrcab,2
fig_nibs,mv_rtneverl,2
fig_nigel,mv_wild,2
fig_nloopin,mv_planefr,2
fig_normfer,mv_salam,2
fig_nutsy,mv_rhood,2
fig_nwilde,mv_bh6,4
fig_nwilde,mv_ralphbrk,3
fig_nwilde,mv_zoo,2
fig_nyx,mv_tinkerlnb,2
fig_octopus,mv_rtneverl,2
fig_olaf,mv_bh6,4
fig_olaf,mv_emojii,4
fig_olaf,mv_frozen,2
fig_olaf,mv_moana,4
fig_olaf,mv_ralphbrk,4
fig_olaf,mv_zoo,4
fig_oljammer,mv_planefr,2
fig_oppenh,mv_piratefair,2
fig_orddu,mv_blcaul,2
fig_orgoch,mv_blcaul,2
fig_orville,mv_resc,2
fig_orwen,mv_blcaul,2
fig_oscar,mv_coco,2
fig_otlr,mv_oswald,2
fig_otlr,mv_zoo,4
fig_otto,mv_rhood,2
fig_owl,mv_chrrob,2
fig_owl,mv_mapooh,2
fig_owl,mv_mapooh,2
fig_owl,mv_ouach,3
fig_owl,mv_pigbm,2
fig_owl,mv_ralphbrk,4
fig_owl,mv_tiggermv,2
fig_owl,mv_tsby,2
fig_padua,mv_thrcab,2
fig_panchito,mv_thrcab,2
fig_papa,mv_coco,2
fig_pascal,mv_tang,2
fig_pascal,mv_zoo,3
fig_passecarl,mv_dory,2
fig_patchdalm,mv_101dal61,2
fig_patchplane,mv_planefr,2
fig_patdodo,mv_alice,2
fig_patti,mv_doug,2
fig_peach,mv_nemo,2
fig_pearl,mv_dory,3
fig_pearl,mv_nemo,2
fig_pedro,mv_lattr,2
fig_peglad,mv_101dal61,3
fig_peglad,mv_lattr,3
fig_peglad,mv_olicomp,2
fig_penguin,mv_fant2,3
fig_penguin,mv_merpop,3
fig_pennydal,mv_101dal61,2
fig_pennyresc,mv_resc,2
fig_peppo,mv_aristo,2
fig_percival,mv_101dal61,2
fig_perdita,mv_101dal61,2
fig_periwi,mv_piratefair,3
fig_periwi,mv_secotw,2
fig_perv,mv_tgoodi,2
fig_petegoof,mv_goofy,2
fig_petegrand,mv_mmmus,2
fig_peterpan,mv_housemouse,3
fig_peterpan,mv_liki2,3
fig_peterpan,mv_ppan,2
fig_peterpan,mv_ppanret,2
fig_peterpan,mv_ralphbrk,4
fig_peterpan,mv_rtneverl,2
fig_pheas,mv_bambi,3
fig_pheas,mv_foxho,3
fig_pigeons,mv_bolt,3
fig_pigeons,mv_tang,3
fig_piglet,mv_heffalump,2
fig_piglet,mv_lands,2
fig_piglet,mv_mapooh,2
fig_piglet,mv_pigbm,2
fig_piglet,mv_ralphbrk,4
fig_piglet,mv_tiggermv,2
fig_pincoach,mv_pinocchio,2
fig_pinecone,mv_planefr,2
fig_pinocchio,mv_alad,3
fig_pinocchio,mv_gepetto,2
fig_pinocchio,mv_monster,4
fig_pinocchio,mv_pinocchio,2
fig_pinocchio,mv_tang,4
fig_pinocchio,mv_tang,3
fig_pinocchio,mv_teapet,3
fig_pinocchio,mv_whofrrr,2
fig_pinocchio,mv_wondersdeep,3
fig_piratecrew,mv_rtneverl,2
fig_piring,mv_gepetto,2
fig_pjgoof,mv_goofy,2
fig_plane,mv_monsters,2
fig_plaza,mv_coco,4
fig_plikli,mv_lands,2
fig_poca,mv_alad2,3
fig_poca,mv_housemouse,3
fig_poca,mv_liki2,4
fig_poca,mv_poca,2
fig_poca,mv_poca2,2
fig_poca,mv_ralphbrk,3
fig_pochop,mv_doug,2
fig_policeman,mv_ichtoad,2
fig_policemanlady,mv_lattr,2
fig_pomp,mv_ratatou,2
fig_pongo,mv_101dal61,2
fig_pongo,mv_olicomp,3
fig_popaemcee,mv_goofy,2
fig_pophen,mv_tgoodi,2
fig_popig,mv_whofrrr,2
fig_porcorsa,mv_cars2,4
fig_porcorsa,mv_planes,4
fig_porcupine,mv_bambi2,3
fig_porcupine,mv_foxho,2
fig_port,mv_piratefair,2
fig_preboy,mv_teapet,2
fig_preric,mv_tlmm,2
fig_prfbuon,mv_gepetto,2
fig_princejohn,mv_rhood,2
fig_princephilipp,mv_tsby,2
fig_princess,mv_101dal61,2
fig_princharming,mv_cind,2
fig_principalprly,mv_recess,2
fig_princmazur,mv_goofy,2
fig_princstckler,mv_teapet,2
fig_prjas,mv_alad,2
fig_prjas,mv_alad19,2
fig_prjas,mv_alad2,2
fig_prjas,mv_emojii,4
fig_prjas,mv_housemouse,3
fig_prjas,mv_housemouse,3
fig_prjas,mv_jafar,2
fig_prjas,mv_ladnight,3
fig_prjas,mv_liki2,4
fig_prjas,mv_ralphbrk,2
fig_prjas,mv_sofia,3
fig_prnaveen,mv_tpatf,2
fig_procutor,mv_ichtoad,2
fig_profbuzzo,mv_monstersuni,2
fig_professor,mv_lattr,2
fig_profragan,mv_olicomp,4
fig_profragan,mv_tgmouse,2
fig_pscho,mv_whofrrr,2
fig_pshown,mv_lands,2
fig_ptfl,mv_abuli,2
fig_pttp,fig_scarprepared,4
fig_pttp,mv_101dal61,2
fig_puki,mv_planefr,2
fig_pumbaa,mv_hbnd,4
fig_pumbaa,mv_jungle2,3
fig_pumbaa,mv_liki,2
fig_queenclarion,mv_piratefair,2
fig_queenclarion,mv_secotw,2
fig_queenclarion,mv_tinkerlnb,2
fig_queengrimhilde,mv_snow,2
fig_queenie,mv_101dal61,2
fig_queenleah,mv_tsby,2
fig_queenofhearts,mv_alice,2
fig_quizmaster,mv_101dal61,2
fig_r2d2,mv_ralphbrk,3
fig_r2d2,mv_starwars,2
fig_rabbit,mv_heffalump,2
fig_rabbit,mv_mapooh,2
fig_rabbit,mv_pigbm,2
fig_rabbit,mv_ralphbrk,4
fig_rabbit,mv_tiggermv,2
fig_ram,mv_tgoodi,2
fig_rama,mv_jungle,2
fig_ramone,mv_cars,2
fig_ranboggs,mv_monstersuni,2
fig_ranjan,mv_jungle2,2
fig_ranjanfather,mv_jungle2,2
fig_rapfryingpan,mv_ralphbrk,4
fig_rapfryingpan,mv_tang,4
fig_rapunzel,mv_frozen,3
fig_rapunzel,mv_heffalump,3
fig_rapunzel,mv_rapunzel,2
fig_rat_ladytrump,mv_alad,3
fig_rat_ladytrump,mv_lattr,3
fig_ratty,mv_ichtoad,2
fig_ray,mv_nemo,2
fig_rc,mv_toyst,3
fig_rc,mv_toyst2,3
fig_rc,mv_toyst3,3
fig_rc,mv_toyst4,3
fig_rcall,mv_bh6,2
fig_rclements,di_rocl,6
fig_rclements,mv_alad,3
fig_rclements,mv_hercules,3
fig_rclements,mv_moana,4
fig_rclements,mv_moana,3
fig_rclements,mv_tlmm,3
fig_rclements,mv_tpatf,3
fig_rclements,mv_treasurepl,3
fig_rclements,pr_rocl,7
fig_rclements,wr_rocl,8
fig_red,mv_cars,2
fig_reflux,mv_inc,2
fig_remy,mv_inout,4
fig_remy,mv_ratatou,2
fig_rex,mv_toyst,2
fig_rex,mv_toyst2,2
fig_rex,mv_toyst3,2
fig_rex,mv_toyst4,2
fig_rickdicker,mv_inc,2
fig_rigger,mv_rhood,2
fig_ril,mv_dory,3
fig_ril,mv_inout,2
fig_rildad,mv_inout,2
fig_rilmom,mv_inout,2
fig_ripsliger,mv_planes,2
fig_riscott,mv_cars,2
fig_rkmaroon,mv_whofrrr,2
fig_robin,mv_tinkerlnb,2
fig_robinhood,mv_rhood,2
fig_rochelle,mv_planes,2
fig_rocketraccoon,mv_guards,2
fig_rocketraccoon,mv_ralphbrk,3
fig_rocrsuher,mv_doug,2
fig_rodcliffe,mv_101dal61,2
fig_rodcliffe,mv_olicomp,3
fig_roflaParr,mv_inc,2
fig_roklotz,mv_doug,2
fig_rolly,mv_101dal61,2
fig_ronno,mv_bambi2,2
fig_roo,mv_heffalump,2
fig_roo,mv_mapooh,2
fig_roo,mv_pigbm,2
fig_roo,mv_ralphbrk,3
fig_roo,mv_tiggermv,2
fig_roper,mv_planes,2
fig_ropoclo,mv_monsters,4
fig_ropoclo,mv_toyst,2
fig_ropoclo,mv_toyst2,4
fig_ropoclo,mv_toyst3,4
fig_rorabbit,mv_whofrrr,2
fig_ros,mv_abuli,2
fig_rosetta,mv_piratefair,2
fig_rosetta,mv_secotw,2
fig_rosetta,mv_tinkerlnb,2
fig_rothemouse,mv_aristo,2
fig_rotwsky,mv_cars,2
fig_rover,mv_101dal61,2
fig_roxanne,mv_goofy,2
fig_roz,mv_monstersuni,2
fig_rudder,mv_dory,2
fig_rufus,mv_resc,2
fig_ruseze,mv_cars,2
fig_russ,mv_up,2
fig_sad,mv_inout,2
fig_salcarrera,mv_cars,2
fig_sanfranokyo,mv_bh6,4
fig_sanfranokyo,mv_ralphbrk,2
fig_sanfranokyo,mv_zoo,4
fig_sarge,mv_inout,2
fig_sargeant,mv_cars,2
fig_sasha,mv_mmmus,2
fig_scar,mv_hercules,4
fig_scar,mv_liki,2
fig_scarprepared,mv_liki,2
fig_scatcat,mv_aristo,2
fig_scenejungle,mv_jungle,4
fig_scenejungle,mv_resc,4
fig_scenestreet,mv_lattr,4
fig_scenestreet,mv_resc,4
fig_scents,mv_101dal61,4
fig_scents,mv_ratatou,2
fig_scottbbles,mv_piratefair,2
fig_scottbbles,mv_secotw,2
fig_scottbbles,mv_tinkerlnb,2
fig_scottleady,mv_teapet,2
fig_scottsquibbles,mv_monstersuni,2
fig_scribble,mv_tinkerlnb,2
fig_scud,mv_toyst,2
fig_sculmaid,mv_swits,2
fig_scuttle,mv_tlmm,2
fig_sdflower,mv_moana,4
fig_sdflower,mv_tang,4
fig_sebastian,mv_alad,3
fig_sebastian,mv_tlmm,2
fig_secofinrior,mv_planefr,2
fig_sed,mv_secotw,2
fig_sertibbs,mv_101dal61,2
fig_sgtcal,mv_ralphbrk,2
fig_shami,mv_101dal61,2
fig_shel,mv_nemo,2
fig_shelfort,mv_walle,2
fig_sheofnoham,mv_rhood,2
fig_sherekhan,mv_jungle,2
fig_sherekhan,mv_jungle2,2
fig_sheriff,mv_cars,2
fig_sherwoopri,mv_abuli,3
fig_sherwoopri,mv_cars,3
fig_sherwoopri,mv_coco,3
fig_sherwoopri,mv_toyst,2
fig_sherwoopri,mv_toyst2,2
fig_sherwoopri,mv_toyst3,2
fig_sherwoopri,mv_toyst4,2
fig_sherwoopri,mv_toysttf,2
fig_shibbles,mv_monstersuni,2
fig_shiparendelle,mv_bh6,4
fig_shiparendelle,mv_frozen,4
fig_shungon,mv_aristo,3
fig_si,mv_lattr,2
fig_siggio,mv_gepetto,2
fig_simba,mv_goofy,2
fig_simba,mv_liki,2
fig_simba,mv_liki2,2
fig_singerresc,mv_resc,2
fig_sirbart,mv_swits,2
fig_sirector,mv_swits,2
fig_sirhiss,mv_rhood,2
fig_sirkay,mv_swits,2
fig_sirpenore,mv_swits,2
fig_sis,mv_rhood,2
fig_skene,mv_doug,2
fig_skey,mv_planes,2
fig_skny,mv_dumbo,2
fig_skpy,mv_rhood,2
fig_sleebook,mv_tang,2
fig_sleebook,mv_tsby,2
fig_sleepy,mv_snow,2
fig_slim,mv_hotr,2
fig_slindog,mv_toyst,3
fig_slindog,mv_toyst2,3
fig_slindog,mv_toyst3,3
fig_slindog,mv_toyst4,3
fig_slindog,mv_toysttf,3
fig_slitly,mv_rtneverl,2
fig_slug,mv_monstersuni,2
fig_slush,mv_secotw,2
fig_smarty,mv_whofrrr,2
fig_smitty,mv_monsters,2
fig_smokey,mv_cars,2
fig_sneezy,mv_snow,2
fig_snwhite,mv_ralphbrk,3
fig_snwhite,mv_snow,2
fig_sonia,mv_mmmus,3
fig_spaghetti,mv_101dal61,4
fig_spaghetti,mv_lattr,4
fig_sparky,mv_planefr,2
fig_sparky,mv_planes,2
fig_sphillips,mv_toyst,2
fig_spinwheel,mv_tang,4
fig_spinwheel,mv_tsby,4
fig_spke,mv_piratefair,2
fig_spke,mv_secotw,2
fig_splody,mv_lands,2
fig_splodylow,mv_bh6,4
fig_splodylow,mv_lands,4
fig_spot,mv_tgoodi,2
fig_spotman,mv_teapet,2
fig_spotty,mv_101dal61,2
fig_squirt,mv_dory,2
fig_stacey,mv_goofy,2
fig_stan,mv_dory,2
fig_stanlee,fig_marvcom,4
fig_stanlee,mv_ralphbrk,3
fig_stanley,mv_cars,2
fig_stanwife,mv_dory,2
fig_stegorus,mv_fant,3
fig_stegorus,mv_fant2,3
fig_steling,mv_cars,2
fig_stesom,mv_101dal61,2
fig_stinpete,mv_toyst2,2
fig_stitch,mv_bh6,4
fig_stitch,mv_bh6,4
fig_stitch,mv_brbear,3
fig_stitch,mv_lands,2
fig_stitch,mv_treasurepl,4
fig_stoard,mv_piratefair,2
fig_stormtroopers,mv_ralphbrk,3
fig_stormtroopers,mv_starwars,3
fig_stromboli,mv_gepetto,2
fig_stromboli,mv_pinocchio,2
fig_strweat,mv_cars,2
fig_stupid,mv_whofrrr,2
fig_sully,mv_brave,4
fig_sully,mv_cars,3
fig_sully,mv_monsters,2
fig_sully,mv_monstersuni,2
fig_sultan,mv_alad,2
fig_sunfish,mv_dory,2
fig_sunny,mv_inout,4
fig_sunny,mv_toyst3,4
fig_surush,mv_wir,2
fig_sven,mv_frozen,2
fig_sven,mv_moana,3
fig_swordits,mv_swits,3
fig_swtea,mv_cars,2
fig_sylester,mv_whofrrr,2
fig_synrome,mv_inc,2
fig_tad,mv_nemo,2
fig_tagalng,mv_rhood,2
fig_talab,mv_ratatou,2
fig_tangmov,mv_tang,4
fig_tangmov,mv_tpatf,4
fig_tangmov,mv_zoo,4
fig_tape,mv_brave,4
fig_tape,mv_cars2,4
fig_taran,mv_blcaul,3
fig_tedogcaer,mv_lattr,2
fig_teendory,mv_dory,2
fig_teengers,mv_mmmus,3
fig_telanncer,mv_101dal61,2
fig_ternce,mv_piratefair,2
fig_terper,mv_monstersuni,2
fig_terri,mv_monstersuni,2
fig_tettitatti,mv_mmmus,3
fig_texnoco,mv_cars,2
fig_thabi,mv_monsters,2
fig_thadtoad,mv_ichtoad,3
fig_thadtoad,mv_whofrrr,3
fig_thamada,mv_bh6,2
fig_thebear,mv_foxho,2
fig_thebee,mv_pigbm,2
fig_theblrd,mv_alice,3
fig_theblrd,mv_bambi,3
fig_thecaenter,mv_alice,2
fig_thedogwagon,mv_lattr,4
fig_thedogwagon,mv_tgmouse,4
fig_thedoknob,mv_alice,4
fig_thegshanti,mv_jungle,2
fig_thegshanti,mv_jungle2,2
fig_theheadhorse,mv_batb,3
fig_theheadhorse,mv_ichtoad,2
fig_thehornkingmen,mv_blcaul,2
fig_thehundogs,mv_bambi,3
fig_thehundogs,mv_ichtoad,3
fig_thehunman,mv_snow,2
fig_theking,mv_cind,2
fig_theking,mv_tlmm,3
fig_thelostboy,mv_ppan,2
fig_themacarpet,mv_alad,3
fig_themacarpet,mv_hbnd,4
fig_themacarpet,mv_tpatf,4
fig_themamirror,mv_snow,2
fig_themb,mv_fant2,4
fig_themb,mv_tang,4
fig_thepirates,mv_ppan,2
fig_theprince,mv_snow,2
fig_theringster,mv_dumbo,2
fig_therose,mv_alice,2
fig_thevulturesjungle,mv_jungle,3
fig_thevulturesjungle,mv_jungle2,3
fig_thevulturessnow,mv_funff,3
fig_thevulturessnow,mv_snow,3
fig_thewalrus,mv_alice,2
fig_theyeti,mv_monstersuni,2
fig_thomalley,mv_aristo,3
fig_thor,mv_abuli,2
fig_thum,mv_bambi,2
fig_thum,mv_bambi2,2
fig_thummom,mv_bambi2,2
fig_thumsis,mv_bambi2,2
fig_thun,mv_tgoodi,2
fig_tiacars,mv_cars,2
fig_tiacars,mv_cars2,2
fig_tiana,mv_ralphbrk,3
fig_tiana,mv_tpatf,2
fig_tiarosi,mv_coco,2
fig_tiavict,mv_coco,2
fig_tictoccrocdile,mv_goofy,4
fig_tictoccrocdile,mv_ppan,2
fig_tictoccrocdile,mv_rtneverl,4
fig_tigger,mv_heffalump,2
fig_tigger,mv_lands,4
fig_tigger,mv_mapooh,2
fig_tigger,mv_mapooh,2
fig_tigger,mv_pigbm,2
fig_tigger,mv_tiggermv,2
fig_tiggermv,mv_heffalump,4
fig_tiggermv,mv_tiggermv,1
fig_tilily,mv_ppan,2
fig_timon,mv_jungle2,3
fig_timon,mv_liki,2
fig_timon,mv_liki2,2
fig_timoqmouse,mv_dumbo,2
fig_tinkerbell,mv_bedtime,2
fig_tinkerbell,mv_blcaul,3
fig_tinkerbell,mv_piratefair,2
fig_tinkerbell,mv_ppan,2
fig_tinkerbell,mv_ralphbrk,3
fig_tinkerbell,mv_secotw,2
fig_tinkerbell,mv_tinkerlnb,2
fig_tjeiler,mv_recess,2
fig_tmater,mv_cars,2
fig_toby,mv_rhood,2
fig_tod,mv_foxho,2
fig_tomland,mv_mtr,2
fig_tony,mv_lattr,2
fig_tonyridinger,mv_inc,2
fig_totoco,mv_toyst3,2
fig_toughy,mv_lattr,2
fig_toulouse,mv_aristo,2
fig_towser,mv_101dal61,2
fig_tract,mv_cars,2
fig_tramp,mv_101dal61,3
fig_tramp,mv_lattr,2
fig_trex,mv_fant,3
fig_trex,mv_fant2,3
fig_triodelrio,mv_thrcab,3
fig_trusty,mv_lattr,3
fig_trusty,mv_olicomp,3
fig_ttrex,mv_monsters,4
fig_ttrex,mv_mtr,2
fig_ttrex,mv_walle,4
fig_ttrex,mv_wir,4
fig_tugduck,mv_lands,4
fig_tugduck,mv_tugduck,2
fig_tujustrsign,mv_ralphbrk,4
fig_tujustrsign,mv_zoo,4
fig_turbo,mv_turbo,2
fig_tvannouncer,mv_resc,2
fig_tweebird,mv_whofrrr,2
fig_tweedee,mv_alice,2
fig_tweedum,mv_alice,2
fig_twins,mv_rtneverl,2
fig_underminer,mv_inc,2
fig_unwaldo,mv_aristo,3
fig_ursula,mv_tlmm,2
fig_usher,mv_inc,2
fig_valibullets,mv_whofrrr,2
fig_vidia,mv_piratefair,2
fig_vidia,mv_secotw,2
fig_vidia,mv_tinkerlnb,2
fig_vilasalle,mv_foxho,2
fig_vilasalle,mv_recess,2
fig_vioparr,mv_inc,2
fig_vixey,mv_foxho,3
fig_vladimir,mv_tang,2
fig_vladimir,mv_wir,3
fig_vsch,mv_ralphbrk,2
fig_vsch,mv_wir,2
fig_walle,mv_friendrat,3
fig_walle,mv_walle,2
fig_waltdisney,mv_salam,2
fig_wardrobe,mv_batb,4
fig_wardrobe,mv_tang,4
fig_wasabi,mv_bh6,2
fig_weeding,mv_brave,2
fig_wendydling,mv_ppan,2
fig_wendydling,mv_rtneverl,2
fig_whirab,mv_alice,2
fig_windlifter,mv_planefr,2
fig_winifred,mv_jungle,2
fig_winnie,mv_planefr,2
fig_winniethepooh,mv_heffalump,2
fig_winniethepooh,mv_mapooh,2
fig_winniethepooh,mv_pigbm,2
fig_winniethepooh,mv_ralphbrk,4
fig_winniethepooh,mv_tiggermv,2
fig_winst,mv_bh6,2
fig_withegiant,mv_funff,3
fig_withewhale,mv_mmmus,3
fig_witweed,mv_doug,2
fig_wolfmakemusic,mv_mmmus,3
fig_wolfthesword,mv_swits,2
fig_woody,mv_mtr,3
fig_woody,mv_toyst,2
fig_woody,mv_toyst2,2
fig_woody,mv_toyst3,2
fig_woody,mv_toyst4,2
fig_woodywooder,mv_whofrrr,2
fig_wreckitralph,mv_bh6,4
fig_wreckitralph,mv_moana,4
fig_wreckitralph,mv_ralphbrk,
fig_wreckitralph,mv_wir,2
fig_wreckralphcover,mv_bh6,4
fig_wreckralphcover,mv_wir,4
fig_wreckralphcover,mv_zoo,4
fig_yang,mv_piratefair,2
fig_yaya,mv_thrcab,3
fig_yoda,mv_ralphbrk,3
fig_yoda,mv_starwars,2
fig_yosesam,mv_whofrrr,2
fig_youarlo,mv_tgoodi,2
fig_youcoco,mv_coco,2
fig_youguf,mv_brave,2
fig_youmac,mv_brave,2
fig_youngdori,mv_dory,2
fig_zarina,mv_piratefair,2